,Venue ID,Seatmap
0,ZFr9jZA7ad,https://content.resale.ticketmaster.com/graphics/TMResale/2/VenueMaps/4382-0-0-0-GA71228.png
1,ZFr9jZ71de,https://content.resale.ticketmaster.com/graphics/TMResale/2/VenueMaps/3921-7266-2-0-CountryJamUSACO77753.png
2,KovZ917A-Rm,https://maps.ticketmaster.com/maps/geometry/3/event/06005EC6CCF44D9E/staticImage?type=png&systemId=HOST
3,KovZpZAJAkAA,https://maps.ticketmaster.com/maps/geometry/3/event/00005EC7C199513C/staticImage?type=png&systemId=HOST
4,KovZpZAEAdlA,https://maps.ticketmaster.com/maps/geometry/3/event/01005D6EDE593E2C/staticImage?type=png&systemId=HOST
5,KovZpZAEkIIA,https://maps.ticketmaster.com/maps/geometry/3/event/3A005E619E6E3835/staticImage?type=png&systemId=HOST
6,KovZ917Ai5U,https://maps.ticketmaster.com/maps/geometry/3/event/3A005E9B088E72F5/staticImage?type=png&systemId=HOST
7,KovZ917A0DZ,https://maps.ticketmaster.com/maps/geometry/3/event/2D005E4DE3984570/staticImage?type=png&systemId=HOST
8,KovZpZAJIedA,https://maps.ticketmaster.com/maps/geometry/3/event/2D005E9CB8A37506/staticImage?type=png&systemId=HOST
9,KovZpZA7knFA,https://maps.ticketmaster.com/maps/geometry/3/event/15005AEC83CD1F15/staticImage?type=png&systemId=HOST
10,KovZpZAdnEtA,https://maps.ticketmaster.com/maps/geometry/3/event/00005E8FD3104D93/staticImage?type=png&systemId=HOST
11,KovZpaFPje,https://maps.ticketmaster.com/maps/geometry/3/event/00005E3431108EDE/staticImage?type=png&systemId=HOST
12,KovZpZAEAdaA,https://maps.ticketmaster.com/maps/geometry/3/event/00005E9A9FB6336C/staticImage?type=png&systemId=HOST
13,KovZpa1qje,https://maps.ticketmaster.com/maps/geometry/3/event/01005E62ABC642F4/staticImage?type=png&systemId=HOST
14,KovZpZA1EAkA,https://maps.ticketmaster.com/maps/geometry/3/event/01005E3F96C9557A/staticImage?type=png&systemId=HOST
15,KovZpapwne,https://maps.ticketmaster.com/maps/geometry/3/event/01005E92E346524A/staticImage?type=png&systemId=HOST
16,KovZ917AI3H,https://maps.ticketmaster.com/maps/geometry/3/event/02005E991DA57A5A/staticImage?type=png&systemId=HOST
17,KovZ917AGpf,https://maps.ticketmaster.com/maps/geometry/3/event/08005E76C62A3181/staticImage?type=png&systemId=HOST
18,KovZpZAEAkEA,https://maps.ticketmaster.com/maps/geometry/3/event/08005E6210FC7A6C/staticImage?type=png&systemId=HOST
19,KovZ917Aij8,https://maps.ticketmaster.com/maps/geometry/3/event/08005E66A7101868/staticImage?type=png&systemId=HOST
20,KovZpZAEkA7A,https://maps.ticketmaster.com/maps/geometry/3/event/0D005E4A97E8BBDC/staticImage?type=png&systemId=HOST
21,KovZpZA6AEaA,https://maps.ticketmaster.com/maps/geometry/3/event/0D005E87EF2DE0FC/staticImage?type=png&systemId=HOST
22,KovZpa2WHe,https://maps.ticketmaster.com/maps/geometry/3/event/0E005E7E91473310/staticImage?type=png&systemId=HOST
23,KovZ917AOz0,https://maps.ticketmaster.com/maps/geometry/3/event/0E005E7CE61139EB/staticImage?type=png&systemId=HOST
24,KovZ917ACi0,https://maps.ticketmaster.com/maps/geometry/3/event/22005D6AB3A3BC44/staticImage?type=png&systemId=HOST
25,KovZpZAEkAnA,https://maps.ticketmaster.com/maps/geometry/3/event/2D005C44B25D5FE2/staticImage?type=png&systemId=HOST
26,KovZ917A8C7,https://maps.ticketmaster.com/maps/geometry/3/event/1D005E58BEC12EA6/staticImage?type=png&systemId=HOST
27,KovZpZAalvtA,https://maps.ticketmaster.com/maps/geometry/3/event/1D005D45FDC02A5A/staticImage?type=png&systemId=HOST
28,KovZ917Axan,https://maps.ticketmaster.com/maps/geometry/3/event/1D005EC1A36C2C61/staticImage?type=png&systemId=HOST
29,KovZpZAFa6lA,https://maps.ticketmaster.com/maps/geometry/3/event/16005D6150737A80/staticImage?type=png&systemId=HOST
30,KovZpa3rme,https://maps.ticketmaster.com/maps/geometry/3/event/15005E6EC6CC457F/staticImage?type=png&systemId=HOST
31,KovZpa3rme,https://maps.ticketmaster.com/maps/geometry/3/event/15005E6EC6CC457F/staticImage?type=png&systemId=HOST
32,KovZpa3rme,https://maps.ticketmaster.com/maps/geometry/3/event/15005E6EC6CC457F/staticImage?type=png&systemId=HOST
