venue_id,SeatMap
ZFr9jZ77ea,https://content.resale.ticketmaster.com/graphics/TMResale/1/VenueMaps/3318-63133-2-0-DayTripMap.png
KovZ917A967,https://maps.ticketmaster.com/maps/geometry/3/event/09005EC249617EAF/staticImage?type=png&systemId=HOST
KovZ917AJ5H,https://maps.ticketmaster.com/maps/geometry/3/event/09005EC985FE132B/staticImage?type=png&systemId=HOST
KovZpZAEA67A,https://maps.ticketmaster.com/maps/geometry/3/event/09005E39E4E17BE6/staticImage?type=png&systemId=HOST
KovZ917AGff,https://maps.ticketmaster.com/maps/geometry/3/event/09005E93C6633176/staticImage?type=png&systemId=HOST
KovZpa6OCe,https://maps.ticketmaster.com/maps/geometry/3/event/09005E99859A131E/staticImage?type=png&systemId=HOST
KovZ917AJue,https://maps.ticketmaster.com/maps/geometry/3/event/0A005E51E1453F45/staticImage?type=png&systemId=HOST
KovZpZA77elA,https://maps.ticketmaster.com/maps/geometry/3/event/09005E8EA2681A01/staticImage?type=png&systemId=HOST
Z6r9jZkv7e,https://content.resale.ticketmaster.com/graphics/TMResale/2/VenueMaps/503-0-0-1-GAStage71229.png
Z7r9jZadbo,https://content.resale.ticketmaster.com/graphics/TMResale/2/VenueMaps/13841-0-0-1-GAStage.png
ZFr9jZFAaF,https://content.resale.ticketmaster.com/graphics/TMResale/2/VenueMaps/7487-0-2-1-GAStage.png
KovZpZAEAl6A,https://maps.ticketmaster.com/maps/geometry/3/event/09005E5212D787D9/staticImage?type=png&systemId=HOST
ZFr9jZeFAd,https://content.resale.ticketmaster.com/graphics/TMResale/2/VenueMaps/1742-0-0-1-GAStage71229.png
KovZpZAJvttA,https://maps.ticketmaster.com/maps/geometry/3/event/09005E3ADF0F7EE5/staticImage?type=png&systemId=HOST
KovZ917AJ5H,https://maps.ticketmaster.com/maps/geometry/3/event/09005EC5D8C634CD/staticImage?type=png&systemId=HOST
KovZ917AGff,https://maps.ticketmaster.com/maps/geometry/3/event/09005EAFC0693399/staticImage?type=png&systemId=HOST
KovZ917A967,https://maps.ticketmaster.com/maps/geometry/3/event/09005EB30C4798AB/staticImage?type=png&systemId=HOST
KovZ917AJ5H,https://maps.ticketmaster.com/maps/geometry/3/event/09005E6E8AEC140D/staticImage?type=png&systemId=HOST
ZFr9jZeFAd,https://content.resale.ticketmaster.com/graphics/TMResale/2/VenueMaps/1742-0-0-1-GAStage71229.png
KovZ917AGff,https://maps.ticketmaster.com/maps/geometry/3/event/09005E85DBFF325C/staticImage?type=png&systemId=HOST
KovZ917A967,https://maps.ticketmaster.com/maps/geometry/3/event/09005EBFA2732FD7/staticImage?type=png&systemId=HOST
KovZpZAF6JkA,https://maps.ticketmaster.com/maps/geometry/3/event/09005EB7D21241E9/staticImage?type=png&systemId=HOST
ZFr9jZeA6a,https://content.resale.ticketmaster.com/graphics/TMResale/2/VenueMaps/1468-0-0-1-GAStage.png
ZFr9jZ1a16,https://content.resale.ticketmaster.com/graphics/TMResale/2/VenueMaps/9896-0-0-1-AceHotelLosAngeles70987.png
KovZ917AJue,https://maps.ticketmaster.com/maps/geometry/3/event/0A005E55FD40366B/staticImage?type=png&systemId=HOST
KovZpZAF6JkA,https://maps.ticketmaster.com/maps/geometry/3/event/09005EB1D77F6668/staticImage?type=png&systemId=HOST
KovZpZAEA67A,https://maps.ticketmaster.com/maps/geometry/3/event/09005EB1AC184D88/staticImage?type=png&systemId=HOST
KovZ917A967,https://maps.ticketmaster.com/maps/geometry/3/event/09005EACED1F6980/staticImage?type=png&systemId=HOST
KovZ917AGff,https://maps.ticketmaster.com/maps/geometry/3/event/09005E62FE185FFA/staticImage?type=png&systemId=HOST
ZFr9jZAvFe,https://content.resale.ticketmaster.com/maps/4071-1-1-main.gif
ZFr9jZ6dAF,https://content.resale.ticketmaster.com/graphics/TMResale/2/VenueMaps/6247-0-0-1-TheNovobyMicrosoftCA71025.png
ZFr9jZeA6a,https://content.resale.ticketmaster.com/graphics/TMResale/2/VenueMaps/1468-0-0-1-GAStage.png
KovZ917AJ5H,https://maps.ticketmaster.com/maps/geometry/3/event/09005E84DC842CD1/staticImage?type=png&systemId=HOST
KovZ917AJ5H,https://maps.ticketmaster.com/maps/geometry/3/event/09005ED3CF842AE3/staticImage?type=png&systemId=HOST
Z6r9jZF7Fe,https://content.resale.ticketmaster.com/graphics/TMResale/2/VenueMaps/737-0-0-1-HollywoodBowl79262.png
KovZ917AGff,https://maps.ticketmaster.com/maps/geometry/3/event/09005E7410D55B3B/staticImage?type=png&systemId=HOST
KovZ917A967,https://maps.ticketmaster.com/maps/geometry/3/event/09005E705103644E/staticImage?type=png&systemId=HOST
KovZpZAEAl6A,https://maps.ticketmaster.com/maps/geometry/3/event/09005E50B2F42EF9/staticImage?type=png&systemId=HOST
KovZpZAF6JkA,https://maps.ticketmaster.com/maps/geometry/3/event/09005ECCB3E513E9/staticImage?type=png&systemId=HOST
ZFr9jZAvFe,https://content.resale.ticketmaster.com/maps/4071-1-1-main.gif
ZFr9jZ6dAF,https://content.resale.ticketmaster.com/graphics/TMResale/2/VenueMaps/6247-0-0-1-TheNovobyMicrosoftCA71025.png
KovZpZA77elA,https://maps.ticketmaster.com/maps/geometry/3/event/09005E7CE2F25447/staticImage?type=png&systemId=HOST
KovZpZAEvnFA,https://maps.ticketmaster.com/maps/geometry/3/event/09005E83A386112D/staticImage?type=png&systemId=HOST
KovZ917AJue,https://maps.ticketmaster.com/maps/geometry/3/event/0A005E49BC5D4C97/staticImage?type=png&systemId=HOST
ZFr9jZFAaF,https://content.resale.ticketmaster.com/graphics/TMResale/2/VenueMaps/7487-0-2-1-GAStage.png
KovZ917AGEf,https://maps.ticketmaster.com/maps/geometry/3/event/09005EBEF07A5660/staticImage?type=png&systemId=HOST
KovZpa6OCe,https://maps.ticketmaster.com/maps/geometry/3/event/09005EAFBD4A31DF/staticImage?type=png&systemId=HOST
KovZpZAaaaEA,https://maps.ticketmaster.com/maps/geometry/3/event/09005EAC18B6877A/staticImage?type=png&systemId=HOST
KovZpZAJ6daA,https://maps.ticketmaster.com/maps/geometry/3/event/09005EBC0300518E/staticImage?type=png&systemId=HOST
KovZ917AiNY,https://maps.ticketmaster.com/maps/geometry/3/event/0A005E789A5829A7/staticImage?type=png&systemId=HOST
KovZpZAF6EaA,https://maps.ticketmaster.com/maps/geometry/3/event/0B005E680C98526C/staticImage?type=png&systemId=HOST
Z7r9jZadbo,https://content.resale.ticketmaster.com/graphics/TMResale/2/VenueMaps/13841-0-0-1-GAStage.png
KovZpZAJ6daA,https://maps.ticketmaster.com/maps/geometry/3/event/09005EACDDB05FB3/staticImage?type=png&systemId=HOST
KovZ917A8gf,https://maps.ticketmaster.com/maps/geometry/3/event/09005E61AE132521/staticImage?type=png&systemId=HOST
KovZ917AJ5H,https://maps.ticketmaster.com/maps/geometry/3/event/09005EA8F0CB4CEF/staticImage?type=png&systemId=HOST
KovZpZAEA67A,https://maps.ticketmaster.com/maps/geometry/3/event/09005E49F2697916/staticImage?type=png&systemId=HOST
KovZpZAEAl6A,https://maps.ticketmaster.com/maps/geometry/3/event/09005E50BE57386B/staticImage?type=png&systemId=HOST
KovZpZAF6JkA,https://maps.ticketmaster.com/maps/geometry/3/event/09005EB300F3915D/staticImage?type=png&systemId=HOST
ZFr9jZFAaF,https://content.resale.ticketmaster.com/graphics/TMResale/2/VenueMaps/7487-0-2-1-GAStage.png
KovZ917A967,https://maps.ticketmaster.com/maps/geometry/3/event/09005E7D51616CF5/staticImage?type=png&systemId=HOST
KovZ917AGff,https://maps.ticketmaster.com/maps/geometry/3/event/09005E6FD1FC48FD/staticImage?type=png&systemId=HOST
KovZpZAJ6daA,https://maps.ticketmaster.com/maps/geometry/3/event/09005E56B376253F/staticImage?type=png&systemId=HOST
KovZpZAJ6daA,https://maps.ticketmaster.com/maps/geometry/3/event/09005E56C94F30F4/staticImage?type=png&systemId=HOST
KovZpZAJvttA,https://maps.ticketmaster.com/maps/geometry/3/event/09005D18CB8C711C/staticImage?type=png&systemId=HOST
KovZpZAJvttA,https://maps.ticketmaster.com/maps/geometry/3/event/09005D18C1FE6DB9/staticImage?type=png&systemId=HOST
KovZpZAJvttA,https://maps.ticketmaster.com/maps/geometry/3/event/09005D18C1FB6DB7/staticImage?type=png&systemId=HOST
KovZpa6OCe,https://maps.ticketmaster.com/maps/geometry/3/event/09005EACF6946EE3/staticImage?type=png&systemId=HOST
KovZpZAEvnFA,https://maps.ticketmaster.com/maps/geometry/3/event/09005ED34A2763C4/staticImage?type=png&systemId=HOST
KovZpZAE7dFA,https://maps.ticketmaster.com/maps/geometry/3/event/0B005D13C6EE1C54/staticImage?type=png&systemId=HOST
KovZ917A3c0,https://maps.ticketmaster.com/maps/geometry/3/event/0A005E3A10AF6A2F/staticImage?type=png&systemId=HOST
KovZ917AJ5H,https://maps.ticketmaster.com/maps/geometry/3/event/09005EC988BD137C/staticImage?type=png&systemId=HOST
KovZ917A967,https://maps.ticketmaster.com/maps/geometry/3/event/09005E84BDF223D6/staticImage?type=png&systemId=HOST
KovZpZAF6JkA,https://maps.ticketmaster.com/maps/geometry/3/event/09005E84F65F330A/staticImage?type=png&systemId=HOST
Z7r9jZadbo,https://content.resale.ticketmaster.com/graphics/TMResale/2/VenueMaps/13841-0-0-1-GAStage.png
KovZ917A3c0,https://maps.ticketmaster.com/maps/geometry/3/event/0A005E41B6834047/staticImage?type=png&systemId=HOST
KovZpZAJ6daA,https://maps.ticketmaster.com/maps/geometry/3/event/09005E841C333F7F/staticImage?type=png&systemId=HOST
KovZ917AJ5H,https://maps.ticketmaster.com/maps/geometry/3/event/09005EC9C6053282/staticImage?type=png&systemId=HOST
KovZpZA77elA,https://maps.ticketmaster.com/maps/geometry/3/event/09005E66D6A5D1EF/staticImage?type=png&systemId=HOST
KovZ917AJ5H,https://maps.ticketmaster.com/maps/geometry/3/event/09005ED4A81F16E8/staticImage?type=png&systemId=HOST
KovZ917A967,https://maps.ticketmaster.com/maps/geometry/3/event/09005EACDFFD60EC/staticImage?type=png&systemId=HOST
KovZpZAJvttA,https://maps.ticketmaster.com/maps/geometry/3/event/09005E9B84AA18E0/staticImage?type=png&systemId=HOST
Z7r9jZadbo,https://content.resale.ticketmaster.com/graphics/TMResale/2/VenueMaps/13841-0-0-1-GAStage.png
KovZpZAF6JkA,https://maps.ticketmaster.com/maps/geometry/3/event/09005EB8ED1847AE/staticImage?type=png&systemId=HOST
KovZpZAEvnFA,https://maps.ticketmaster.com/maps/geometry/3/event/09005EA5734A3617/staticImage?type=png&systemId=HOST
KovZpZAFAIEA,https://s1.ticketm.net/tmimages/venue/maps/la1/27725s.gif
KovZ917AGEf,https://maps.ticketmaster.com/maps/geometry/3/event/09005EC126536286/staticImage?type=png&systemId=HOST
KovZpZAEvnFA,https://maps.ticketmaster.com/maps/geometry/3/event/09005E4195AB4075/staticImage?type=png&systemId=HOST
KovZ917AGff,https://maps.ticketmaster.com/maps/geometry/3/event/09005E7ED87A479B/staticImage?type=png&systemId=HOST
KovZpZAF6JkA,https://maps.ticketmaster.com/maps/geometry/3/event/09005E9D07DE5F97/staticImage?type=png&systemId=HOST
KovZpZAallJA,https://maps.ticketmaster.com/maps/geometry/3/event/09005E47B2F134F1/staticImage?type=png&systemId=HOST
KovZ917A967,https://maps.ticketmaster.com/maps/geometry/3/event/09005E7ED16242A5/staticImage?type=png&systemId=HOST
KovZ917AJue,https://maps.ticketmaster.com/maps/geometry/3/event/0A005D761D265101/staticImage?type=png&systemId=HOST
ZFr9jZ67A6,https://content.resale.ticketmaster.com/graphics/TMResale/2/VenueMaps/6346-0-0-1-GAStage71229.png
KovZpa6OCe,https://maps.ticketmaster.com/maps/geometry/3/event/09005ED7A14B2AA8/staticImage?type=png&systemId=HOST
KovZpZAEA67A,https://maps.ticketmaster.com/maps/geometry/3/event/09005EA4128087F3/staticImage?type=png&systemId=HOST
KovZpZAaaaEA,https://maps.ticketmaster.com/maps/geometry/3/event/09005EAC198987C3/staticImage?type=png&systemId=HOST
KovZ917AJ5H,https://maps.ticketmaster.com/maps/geometry/3/event/09005E9598D22594/staticImage?type=png&systemId=HOST
KovZpZAJ6daA,https://maps.ticketmaster.com/maps/geometry/3/event/09005EB9C3F43BA6/staticImage?type=png&systemId=HOST
KovZpZAF6EaA,https://maps.ticketmaster.com/maps/geometry/3/event/0B005E680D2D52AC/staticImage?type=png&systemId=HOST
KovZpa2Hxe,https://maps.ticketmaster.com/maps/geometry/3/event/09005E831B2830F1/staticImage?type=png&systemId=HOST
KovZpZAEvnFA,https://maps.ticketmaster.com/maps/geometry/3/event/09005E8CF01B3778/staticImage?type=png&systemId=HOST
KovZpZAJvttA,https://maps.ticketmaster.com/maps/geometry/3/event/09005EB0F418AB88/staticImage?type=png&systemId=HOST
KovZpZAF6JkA,https://maps.ticketmaster.com/maps/geometry/3/event/09005EA9BA7D4EA4/staticImage?type=png&systemId=HOST
KovZpZAEA66A,https://maps.ticketmaster.com/maps/geometry/3/event/0B005E7CB09E14BC/staticImage?type=png&systemId=HOST
KovZpZAFAIEA,https://maps.ticketmaster.com/maps/geometry/3/event/09005E74E02B3C2F/staticImage?type=png&systemId=HOST
KovZ917A967,https://maps.ticketmaster.com/maps/geometry/3/event/09005E7D0EA36D81/staticImage?type=png&systemId=HOST
KovZ917A8gf,https://maps.ticketmaster.com/maps/geometry/3/event/09005E6791ED1354/staticImage?type=png&systemId=HOST
KovZ917AGff,https://maps.ticketmaster.com/maps/geometry/3/event/09005E9CFF156399/staticImage?type=png&systemId=HOST
KovZpZA1vvlA,https://maps.ticketmaster.com/maps/geometry/3/event/0A005E639C2F1A4B/staticImage?type=png&systemId=HOST
KovZ917AGEf,https://maps.ticketmaster.com/maps/geometry/3/event/09005EBABD8C3A48/staticImage?type=png&systemId=HOST
KovZpZAallJA,https://maps.ticketmaster.com/maps/geometry/3/event/09005E8BA02F17A5/staticImage?type=png&systemId=HOST
KovZpZA77elA,https://maps.ticketmaster.com/maps/geometry/3/event/09005EC5B3381617/staticImage?type=png&systemId=HOST
KovZpZAEA67A,https://maps.ticketmaster.com/maps/geometry/3/event/09005EB8E4714397/staticImage?type=png&systemId=HOST
KovZ917A-Tn,https://maps.ticketmaster.com/maps/geometry/3/event/0A005E7F93E134B3/staticImage?type=png&systemId=HOST
KovZ917AJue,https://maps.ticketmaster.com/maps/geometry/3/event/0A005D44C6DB2D9C/staticImage?type=png&systemId=HOST
ZFr9jZeFAd,https://content.resale.ticketmaster.com/graphics/TMResale/2/VenueMaps/1742-0-0-1-GAStage71229.png
Z6r9jZkv7e,https://content.resale.ticketmaster.com/graphics/TMResale/2/VenueMaps/503-0-0-1-GAStage71229.png
ZFr9jZAFek,https://content.resale.ticketmaster.com/maps/4715-1-1-main.gif
KovZpa6OCe,https://maps.ticketmaster.com/maps/geometry/3/event/09005ECDEEC63D1A/staticImage?type=png&systemId=HOST
KovZpZAEA6FA,https://maps.ticketmaster.com/maps/geometry/3/event/0B005E85C3251C83/staticImage?type=png&systemId=HOST
KovZ917AJ5H,https://maps.ticketmaster.com/maps/geometry/3/event/09005ECF9FFD1BD5/staticImage?type=png&systemId=HOST
KovZpZAJ6daA,https://maps.ticketmaster.com/maps/geometry/3/event/09005EC89F101981/staticImage?type=png&systemId=HOST
KovZpZAJvttA,https://maps.ticketmaster.com/maps/geometry/3/event/09005EB0F0B8AAC6/staticImage?type=png&systemId=HOST
KovZ917AGff,https://maps.ticketmaster.com/maps/geometry/3/event/09005E7CE5F855CC/staticImage?type=png&systemId=HOST
KovZpZAF6JkA,https://maps.ticketmaster.com/maps/geometry/3/event/09005EC5BEB126E3/staticImage?type=png&systemId=HOST
KovZ917AJ5H,https://maps.ticketmaster.com/maps/geometry/3/event/09005ECFDEAF41DA/staticImage?type=png&systemId=HOST
KovZ917A967,https://maps.ticketmaster.com/maps/geometry/3/event/09005EA5BBA77105/staticImage?type=png&systemId=HOST
KovZ917A967,https://maps.ticketmaster.com/maps/geometry/3/event/09005E552938363C/staticImage?type=png&systemId=HOST
ZFr9jZeA6a,https://content.resale.ticketmaster.com/graphics/TMResale/2/VenueMaps/1468-0-0-1-GAStage.png
KovZ917AJ5H,https://maps.ticketmaster.com/maps/geometry/3/event/09005EC9C88936DD/staticImage?type=png&systemId=HOST
KovZpa2Hxe,https://maps.ticketmaster.com/maps/geometry/3/event/09005ECA224069DF/staticImage?type=png&systemId=HOST
KovZpZAF6JkA,https://maps.ticketmaster.com/maps/geometry/3/event/09005E8800F648A3/staticImage?type=png&systemId=HOST
KovZpa6OCe,https://maps.ticketmaster.com/maps/geometry/3/event/09005EB6E4583604/staticImage?type=png&systemId=HOST
KovZpa2Hxe,https://maps.ticketmaster.com/maps/geometry/3/event/09005E4AC4444CF9/staticImage?type=png&systemId=HOST
KovZ917AJ5H,https://maps.ticketmaster.com/maps/geometry/3/event/09005EC98A4A13AC/staticImage?type=png&systemId=HOST
Z6r9jZkv7e,https://content.resale.ticketmaster.com/graphics/TMResale/2/VenueMaps/503-0-0-1-GAStage71229.png
KovZ917AiI3,https://maps.ticketmaster.com/maps/geometry/3/event/09005EBFBC3C47AD/staticImage?type=png&systemId=HOST
KovZ917A967,https://maps.ticketmaster.com/maps/geometry/3/event/09005EBA1E9B79F3/staticImage?type=png&systemId=HOST
Z6r9jZkv7e,https://content.resale.ticketmaster.com/graphics/TMResale/2/VenueMaps/503-0-0-1-GAStage71229.png
KovZ917AJ5H,https://maps.ticketmaster.com/maps/geometry/3/event/09005ED350F86413/staticImage?type=png&systemId=HOST
KovZ917AiI3,https://maps.ticketmaster.com/maps/geometry/3/event/09005EB9DA1F4688/staticImage?type=png&systemId=HOST
KovZ917AJ5H,https://maps.ticketmaster.com/maps/geometry/3/event/09005EB9E02748D3/staticImage?type=png&systemId=HOST
Z6r9jZkv7e,https://content.resale.ticketmaster.com/graphics/TMResale/2/VenueMaps/503-0-0-1-GAStage71229.png
ZFr9jZeA6a,https://content.resale.ticketmaster.com/graphics/TMResale/2/VenueMaps/1468-0-0-1-GAStage.png
ZFr9jZAvFe,https://content.resale.ticketmaster.com/maps/4071-1-1-main.gif
KovZpa2Hxe,https://maps.ticketmaster.com/maps/geometry/3/event/09005EC835195464/staticImage?type=png&systemId=HOST
KovZ917AiI3,https://maps.ticketmaster.com/maps/geometry/3/event/09005EC1B1BD2540/staticImage?type=png&systemId=HOST
KovZpZAaaaEA,https://maps.ticketmaster.com/maps/geometry/3/event/09005EB30592AC55/staticImage?type=png&systemId=HOST
KovZ917AJue,https://maps.ticketmaster.com/maps/geometry/3/event/0A005E94F40357B5/staticImage?type=png&systemId=HOST
KovZ917AJ5H,https://maps.ticketmaster.com/maps/geometry/3/event/09005E4EDD774287/staticImage?type=png&systemId=HOST
KovZpZAEkn6A,https://maps.ticketmaster.com/maps/geometry/3/event/09005E32E04468D9/staticImage?type=png&systemId=HOST
KovZ917AJ5H,https://maps.ticketmaster.com/maps/geometry/3/event/09005E92C2E62AAD/staticImage?type=png&systemId=HOST
KovZpZAFAIEA,https://s1.ticketm.net/tmimages/venue/maps/la1/27725s.gif
KovZ917AGEf,https://maps.ticketmaster.com/maps/geometry/3/event/09005E77AFB424C1/staticImage?type=png&systemId=HOST
KovZpZAF6JkA,https://maps.ticketmaster.com/maps/geometry/3/event/09005E8D2863547D/staticImage?type=png&systemId=HOST
KovZpZAEAl6A,https://maps.ticketmaster.com/maps/geometry/3/event/09005E37E8B062AD/staticImage?type=png&systemId=HOST
KovZ917AGff,https://maps.ticketmaster.com/maps/geometry/3/event/09005EA1E4ED383E/staticImage?type=png&systemId=HOST
KovZ917AGff,https://maps.ticketmaster.com/maps/geometry/3/event/09005EA1E4ED383E/staticImage?type=png&systemId=HOST
