subgenre_id,subgenre_name,genre_id
KZazBEonSMnZfZ7vAvE,Adult Alternative Pop/Rock,KnvZfZ7vAvv
KZazBEonSMnZfZ7vAvJ,Alternative,KnvZfZ7vAvv
KZazBEonSMnZfZ7vAvI,Alternative Dance,KnvZfZ7vAvv
KZazBEonSMnZfZ7vAvt,Alternative Metal,KnvZfZ7vAvv
KZazBEonSMnZfZ7vAvn,Alternative Rock,KnvZfZ7vAvv
KZazBEonSMnZfZ7vAvl,Ambient Pop,KnvZfZ7vAvv
KZazBEonSMnZfZ7vAev,American Alternative,KnvZfZ7vAvv
KZazBEonSMnZfZ7vAee,Americana,KnvZfZ7vAvv
KZazBEonSMnZfZ7vAed,Baroque Pop,KnvZfZ7vAvv
KZazBEonSMnZfZ7vAe7,British Alternative,KnvZfZ7vAvv
KZazBEonSMnZfZ7vAeA,British Ska,KnvZfZ7vAvv
KZazBEonSMnZfZ7vAek,C-86,KnvZfZ7vAvv
KZazBEonSMnZfZ7vAe6,Chamber Pop,KnvZfZ7vAvv
KZazBEonSMnZfZ7vAeF,Cocktail,KnvZfZ7vAvv
KZazBEonSMnZfZ7vAea,College Rock,KnvZfZ7vAvv
KZazBEonSMnZfZ7vAe1,Cowpunk,KnvZfZ7vAvv
KZazBEonSMnZfZ7vAeJ,Dream Pop,KnvZfZ7vAvv
KZazBEonSMnZfZ7vAeE,Electro-Industrial,KnvZfZ7vAvv
KZazBEonSMnZfZ7vAeI,Electronic Pop,KnvZfZ7vAvv
KZazBEonSMnZfZ7vAet,Funk Metal,KnvZfZ7vAvv
KZazBEonSMnZfZ7vAen,Goth,KnvZfZ7vAvv
KZazBEonSMnZfZ7vAel,Grunge,KnvZfZ7vAvv
KZazBEonSMnZfZ7vAdv,Indie Pop,KnvZfZ7vAvv
KZazBEonSMnZfZ7vAde,Indie Rock,KnvZfZ7vAvv
KZazBEonSMnZfZ7vAdd,Industrial,KnvZfZ7vAvv
KZazBEonSMnZfZ7vAd7,Industrial Dance,KnvZfZ7vAvv
KZazBEonSMnZfZ7vAdA,Jangle Pop,KnvZfZ7vAvv
KZazBEonSMnZfZ7vAdk,Lo-Fi,KnvZfZ7vAvv
KZazBEonSMnZfZ7vAd6,Madchester,KnvZfZ7vAvv
KZazBEonSMnZfZ7vAdF,Math Rock,KnvZfZ7vAvv
KZazBEonSMnZfZ7vAda,Neo-Glam,KnvZfZ7vAvv
KZazBEonSMnZfZ7vAd1,Neo-Psychedelia,KnvZfZ7vAvv
KZazBEonSMnZfZ7vAdJ,Neo-Traditional Folk,KnvZfZ7vAvv
KZazBEonSMnZfZ7vAdE,New Zealand Rock,KnvZfZ7vAvv
KZazBEonSMnZfZ7vAdI,Noise Pop,KnvZfZ7vAvv
KZazBEonSMnZfZ7vAdt,Paisley Underground,KnvZfZ7vAvv
KZazBEonSMnZfZ7vAdn,Pop Underground,KnvZfZ7vAvv
KZazBEonSMnZfZ7vAdl,Post-Grunge,KnvZfZ7vAvv
KZazBEonSMnZfZ7vA7v,Post-Punk,KnvZfZ7vAvv
KZazBEonSMnZfZ7vA7e,Post-Punk Revival,KnvZfZ7vAvv
KZazBEonSMnZfZ7vA7d,Post-Rock/Experimental,KnvZfZ7vAvv
KZazBEonSMnZfZ7vA77,Psychobilly,KnvZfZ7vAvv
KZazBEonSMnZfZ7vA7A,Queercore,KnvZfZ7vAvv
KZazBEonSMnZfZ7vA7k,Riot Grrrl,KnvZfZ7vAvv
KZazBEonSMnZfZ7vA76,Sadcore,KnvZfZ7vAvv
KZazBEonSMnZfZ7vA7F,Shoegaze,KnvZfZ7vAvv
KZazBEonSMnZfZ7vA7a,Ska,KnvZfZ7vAvv
KZazBEonSMnZfZ7vA71,Ska Punk,KnvZfZ7vAvv
KZazBEonSMnZfZ7vA7J,Skatepunk,KnvZfZ7vAvv
KZazBEonSMnZfZ7vA7E,Slowcore,KnvZfZ7vAvv
KZazBEonSMnZfZ7vA7I,Space Rock,KnvZfZ7vAvv
KZazBEonSMnZfZ7vA7t,Third Wave Ska Revival,KnvZfZ7vAvv
KZazBEonSMnZfZ7vA7n,Twee Pop,KnvZfZ7vAvv
KZazBEonSMnZfZ7vA7l,Urban Folk,KnvZfZ7vAvv
KZazBEonSMnZfZ7vAAe,Ballads/Romantic,KnvZfZ7vAve
KZazBEonSMnZfZ7vAA7,Acoustic Blues,KnvZfZ7vAvd
KZazBEonSMnZfZ7vAAA,Avant-Garde Blues,KnvZfZ7vAvd
KZazBEonSMnZfZ7vAAd,Blues,KnvZfZ7vAvd
KZazBEonSMnZfZ7vAAk,Blues Gospel,KnvZfZ7vAvd
KZazBEonSMnZfZ7vAA6,Blues Revival,KnvZfZ7vAvd
KZazBEonSMnZfZ7vAF7,British Blues,KnvZfZ7vAvd
KZazBEonSMnZfZ7vAAF,Chicago Blues,KnvZfZ7vAvd
KZazBEonSMnZfZ7vAAa,Contemporary Blues,KnvZfZ7vAvd
KZazBEonSMnZfZ7vAA1,Country Blues,KnvZfZ7vAvd
KZazBEonSMnZfZ7vAAE,Delta Blues,KnvZfZ7vAvd
KZazBEonSMnZfZ7vAAI,Detroit Blues,KnvZfZ7vAvd
KZazBEonSMnZfZ7vAAt,Dirty Blues,KnvZfZ7vAvd
KZazBEonSMnZfZ7vAAn,Early American Blues,KnvZfZ7vAvd
KZazBEonSMnZfZ7vAAl,East Coast Blues,KnvZfZ7vAvd
KZazBEonSMnZfZ7vAkv,Electric Blues,KnvZfZ7vAvd
KZazBEonSMnZfZ7vAke,Electric Blues Guitar,KnvZfZ7vAvd
KZazBEonSMnZfZ7vAkd,Electric Harmonica Blues,KnvZfZ7vAvd
KZazBEonSMnZfZ7vAk7,Finger-Picked Guitar,KnvZfZ7vAvd
KZazBEonSMnZfZ7vAkA,Folk-Blues,KnvZfZ7vAvd
KZazBEonSMnZfZ7vAkk,Harmonica Blues,KnvZfZ7vAvd
KZazBEonSMnZfZ7vAk6,Jazz Blues,KnvZfZ7vAvd
KZazBEonSMnZfZ7vAkF,Juke Joint Blues,KnvZfZ7vAvd
KZazBEonSMnZfZ7vAka,Jump Blues,KnvZfZ7vAvd
KZazBEonSMnZfZ7vAk1,Louisiana Blues,KnvZfZ7vAvd
KZazBEonSMnZfZ7vAkJ,Memphis Blues,KnvZfZ7vAvd
KZazBEonSMnZfZ7vAkE,Modern Blues,KnvZfZ7vAvd
KZazBEonSMnZfZ7vAkI,Modern Delta Blues,KnvZfZ7vAvd
KZazBEonSMnZfZ7vAkt,Modern Electric Blues,KnvZfZ7vAvd
KZazBEonSMnZfZ7vAkn,Modern Electric Chicago Blues,KnvZfZ7vAvd
KZazBEonSMnZfZ7vav7,Modern Electric D618,KnvZfZ7vAvd
KZazBEonSMnZfZ7vAkl,Modern Electric Texas Blues,KnvZfZ7vAvd
KZazBEonSMnZfZ7vA6v,New Orleans Blues,KnvZfZ7vAvd
KZazBEonSMnZfZ7vA6e,New York Blues,KnvZfZ7vAvd
KZazBEonSMnZfZ7vA6d,Piano Blues,KnvZfZ7vAvd
KZazBEonSMnZfZ7vA67,Piedmont Blues,KnvZfZ7vAvd
KZazBEonSMnZfZ7vA6A,Prewar Blues,KnvZfZ7vAvd
KZazBEonSMnZfZ7vA6F,Prewar-Country Blues,KnvZfZ7vAvd
KZazBEonSMnZfZ7vA6a,Prewar-Gospel Blues,KnvZfZ7vAvd
KZazBEonSMnZfZ7vA61,Slide Guitar,KnvZfZ7vAvd
KZazBEonSMnZfZ7vA6J,Soul-Blues,KnvZfZ7vAvd
KZazBEonSMnZfZ7vA6E,St. Louis Blues,KnvZfZ7vAvd
KZazBEonSMnZfZ7vA6I,Swamp Blues,KnvZfZ7vAvd
KZazBEonSMnZfZ7vA6t,Texas Blues,KnvZfZ7vAvd
KZazBEonSMnZfZ7vA6n,Traditional Blues,KnvZfZ7vAvd
KZazBEonSMnZfZ7vA6l,Vaudeville Blues,KnvZfZ7vAvd
KZazBEonSMnZfZ7vAFv,Vocal Blues,KnvZfZ7vAvd
KZazBEonSMnZfZ7vAFe,West Coast Blues,KnvZfZ7vAvd
KZazBEonSMnZfZ7vAFk,Chanson Francaise,KnvZfZ7vAvA
KZazBEonSMnZfZ7vAFF,Children's Music,KnvZfZ7vAvk
KZazBEonSMnZfZ7vaad,Church Music,KnvZfZ7vAeJ
KZazBEonSMnZfZ7vF1A,Classical/Vocal,KnvZfZ7vAeJ
KZazBEonSMnZfZ7vAF1,Alternative Country,KnvZfZ7vAv6
KZazBEonSMnZfZ7vAFJ,Avant-Garde Country,KnvZfZ7vAv6
KZazBEonSMnZfZ7vAFE,Bakersfield Sound,KnvZfZ7vAv6
KZazBEonSMnZfZ7vAFI,Bluegrass,KnvZfZ7vAv6
KZazBEonSMnZfZ7vAFt,Bluegrass-Gospel,KnvZfZ7vAv6
KZazBEonSMnZfZ7vAFn,Classic Country,KnvZfZ7vAv6
KZazBEonSMnZfZ7vAFl,Close Harmony,KnvZfZ7vAv6
KZazBEonSMnZfZ7vAav,Contemporary Bluegrass,KnvZfZ7vAv6
KZazBEonSMnZfZ7vAae,Contemporary Country,KnvZfZ7vAv6
KZazBEonSMnZfZ7vAFa,Country,KnvZfZ7vAv6
KZazBEonSMnZfZ7vAad,Country Folk,KnvZfZ7vAv6
KZazBEonSMnZfZ7vAa7,Country Gospel,KnvZfZ7vAv6
KZazBEonSMnZfZ7vAaA,Country Pop,KnvZfZ7vAv6
KZazBEonSMnZfZ7vAak,Country Soul,KnvZfZ7vAv6
KZazBEonSMnZfZ7vAa6,Cowboy,KnvZfZ7vAv6
KZazBEonSMnZfZ7vAaF,Honky Tonk,KnvZfZ7vAv6
KZazBEonSMnZfZ7vAaa,Instrumental,KnvZfZ7vAv6
KZazBEonSMnZfZ7vAa1,Jug Band,KnvZfZ7vAv6
KZazBEonSMnZfZ7vAaJ,Nashville Sound,KnvZfZ7vAv6
KZazBEonSMnZfZ7vAaE,Neo-Traditional Country,KnvZfZ7vAv6
KZazBEonSMnZfZ7vAaI,Old-time Country,KnvZfZ7vAv6
KZazBEonSMnZfZ7vAat,Outlaw Country,KnvZfZ7vAv6
KZazBEonSMnZfZ7vAan,Progressive Country,KnvZfZ7vAv6
KZazBEonSMnZfZ7vAal,Roadhouse Country,KnvZfZ7vAv6
KZazBEonSMnZfZ7vA1v,Songster,KnvZfZ7vAv6
KZazBEonSMnZfZ7vA1e,Square Dance,KnvZfZ7vAv6
KZazBEonSMnZfZ7vA1d,String Dance,KnvZfZ7vAv6
KZazBEonSMnZfZ7vA17,Traditional Bluegrass,KnvZfZ7vAv6
KZazBEonSMnZfZ7vA1A,Traditional Country,KnvZfZ7vAv6
KZazBEonSMnZfZ7vA1k,Truck Driving Country,KnvZfZ7vAv6
KZazBEonSMnZfZ7vA16,Urban Cowboy,KnvZfZ7vAv6
KZazBEonSMnZfZ7vA1F,Western Swing & Country Boogie,KnvZfZ7vAv6
KZazBEonSMnZfZ7vA1a,Western Swing Revival,KnvZfZ7vAv6
KZazBEonSMnZfZ7vA11,Work Songs,KnvZfZ7vAv6
KZazBEonSMnZfZ7vA1J,Yodeling,KnvZfZ7vAv6
KZazBEonSMnZfZ7vA1I,2-Step,KnvZfZ7vAvF
KZazBEonSMnZfZ7vA1t,2-Step/British Garage,KnvZfZ7vAvF
KZazBEonSMnZfZ7vA1n,Acid House,KnvZfZ7vAvF
KZazBEonSMnZfZ7vA1l,Acid Jazz,KnvZfZ7vAvF
KZazBEonSMnZfZ7vAJv,Acid Techno,KnvZfZ7vAvF
KZazBEonSMnZfZ7vAJe,Ambient,KnvZfZ7vAvF
KZazBEonSMnZfZ7vAJd,Ambient Breakbeat,KnvZfZ7vAvF
KZazBEonSMnZfZ7vAJ7,Ambient Electronica,KnvZfZ7vAvF
KZazBEonSMnZfZ7vAJA,Ambient House,KnvZfZ7vAvF
KZazBEonSMnZfZ7vAJk,Ambient Techno,KnvZfZ7vAvF
KZazBEonSMnZfZ7vAJ6,Avant-Garde,KnvZfZ7vAvF
KZazBEonSMnZfZ7vAJF,Big Beat,KnvZfZ7vAvF
KZazBEonSMnZfZ7vAJa,Broken Beat,KnvZfZ7vAvF
KZazBEonSMnZfZ7vaan,Chillwave,KnvZfZ7vAvF
KZazBEonSMnZfZ7vAJ1,Club Dance,KnvZfZ7vAvF
KZazBEonSMnZfZ7vaak,Dance Band,KnvZfZ7vAvF
KZazBEonSMnZfZ7vAJJ,Dance Pop,KnvZfZ7vAvF
KZazBEonSMnZfZ7vAJE,Dance-Rock,KnvZfZ7vAvF
KZazBEonSMnZfZ7vA1E,Dance/Electronic,KnvZfZ7vAvF
KZazBEonSMnZfZ7vAJI,Dark Ambient,KnvZfZ7vAvF
KZazBEonSMnZfZ7vAJt,Detroit Techno,KnvZfZ7vAvF
KZazBEonSMnZfZ7vAJn,Disco,KnvZfZ7vAvF
KZazBEonSMnZfZ7vaa6,Disco Polo,KnvZfZ7vAvF
KZazBEonSMnZfZ7vAJl,Downbeat,KnvZfZ7vAvF
KZazBEonSMnZfZ7vAEv,Downtempo,KnvZfZ7vAvF
KZazBEonSMnZfZ7vAEe,Drill'n'bass,KnvZfZ7vAvF
KZazBEonSMnZfZ7vAEd,Drum 'n' Bass,KnvZfZ7vAvF
KZazBEonSMnZfZ7vAE7,Dub Electronica,KnvZfZ7vAvF
KZazBEonSMnZfZ7vaal,Dubstep,KnvZfZ7vAvF
KZazBEonSMnZfZ7vAEA,Electro-Jazz,KnvZfZ7vAvF
KZazBEonSMnZfZ7vAEk,Electro-Techno,KnvZfZ7vAvF
KZazBEonSMnZfZ7vAE6,Electronica Mainstream,KnvZfZ7vAvF
KZazBEonSMnZfZ7vAEF,Euro-Dance,KnvZfZ7vAvF
KZazBEonSMnZfZ7va1v,Experimental,KnvZfZ7vAvF
KZazBEonSMnZfZ7vAEa,Experimental Ambient,KnvZfZ7vAvF
KZazBEonSMnZfZ7vAE1,Experimental Dub,KnvZfZ7vAvF
KZazBEonSMnZfZ7vAEJ,Experimental Electro,KnvZfZ7vAvF
KZazBEonSMnZfZ7vAEE,Experimental Jungle,KnvZfZ7vAvF
KZazBEonSMnZfZ7vAEI,Experimental Techno,KnvZfZ7vAvF
KZazBEonSMnZfZ7vAEt,Freestyle,KnvZfZ7vAvF
KZazBEonSMnZfZ7vAEn,Funky Breaks,KnvZfZ7vAvF
KZazBEonSMnZfZ7vAEl,Gabba,KnvZfZ7vAvF
KZazBEonSMnZfZ7vAIv,Glitch,KnvZfZ7vAvF
KZazBEonSMnZfZ7vAIe,Goa Trance,KnvZfZ7vAvF
KZazBEonSMnZfZ7vAId,Grime,KnvZfZ7vAvF
KZazBEonSMnZfZ7vAI7,Happy Hardcore,KnvZfZ7vAvF
KZazBEonSMnZfZ7vAIA,Hardcore Techno,KnvZfZ7vAvF
KZazBEonSMnZfZ7vAIk,Hi-NRG,KnvZfZ7vAvF
KZazBEonSMnZfZ7vAI6,House,KnvZfZ7vAvF
KZazBEonSMnZfZ7vAIF,Illbient,KnvZfZ7vAvF
KZazBEonSMnZfZ7vAIa,Industrial Drum'n'Bass,KnvZfZ7vAvF
KZazBEonSMnZfZ7vAI1,Intelligent Dance Music,KnvZfZ7vAvF
KZazBEonSMnZfZ7vAIJ,Jazz-House,KnvZfZ7vAvF
KZazBEonSMnZfZ7vAIE,Jungle/Drum 'n' Bass,KnvZfZ7vAvF
KZazBEonSMnZfZ7vAII,Latin Electronica,KnvZfZ7vAvF
KZazBEonSMnZfZ7vAIt,Left-Field House,KnvZfZ7vAvF
KZazBEonSMnZfZ7vAIn,Microhouse,KnvZfZ7vAvF
KZazBEonSMnZfZ7vAIl,Microsound,KnvZfZ7vAvF
KZazBEonSMnZfZ7vAtv,Minimal Techno,KnvZfZ7vAvF
KZazBEonSMnZfZ7vAte,Neo-Electro,KnvZfZ7vAvF
KZazBEonSMnZfZ7vAtd,Newbeat,KnvZfZ7vAvF
KZazBEonSMnZfZ7vAt7,Nu Breaks,KnvZfZ7vAvF
KZazBEonSMnZfZ7vAtA,Post-Disco,KnvZfZ7vAvF
KZazBEonSMnZfZ7vAtk,Progressive House,KnvZfZ7vAvF
KZazBEonSMnZfZ7vAt6,Progressive Trance,KnvZfZ7vAvF
KZazBEonSMnZfZ7vAtF,Rave,KnvZfZ7vAvF
KZazBEonSMnZfZ7va1e,Synthwave,KnvZfZ7vAvF
KZazBEonSMnZfZ7vAta,Tech-House,KnvZfZ7vAvF
KZazBEonSMnZfZ7vAt1,Techno,KnvZfZ7vAvF
KZazBEonSMnZfZ7vAtJ,Techno Bass,KnvZfZ7vAvF
KZazBEonSMnZfZ7vAtE,Techno-Dub,KnvZfZ7vAvF
KZazBEonSMnZfZ7vAtI,Techno-House,KnvZfZ7vAvF
KZazBEonSMnZfZ7vAtt,Trance,KnvZfZ7vAvF
KZazBEonSMnZfZ7va1d,Trap,KnvZfZ7vAvF
KZazBEonSMnZfZ7vAtn,Tribal-House,KnvZfZ7vAvF
KZazBEonSMnZfZ7vAtl,Trip Hop,KnvZfZ7vAvF
KZazBEonSMnZfZ7vAnv,Turntablists,KnvZfZ7vAvF
KZazBEonSMnZfZ7vAne,U.K. Garage,KnvZfZ7vAvF
KZazBEonSMnZfZ7va17,Vaporwave,KnvZfZ7vAvF
KZazBEonSMnZfZ7va1A,Witch House,KnvZfZ7vAvF
KZazBEonSMnZfZ7va1k,Witchstep,KnvZfZ7vAvF
KZazBEonSMnZfZ7vAnd,World Dance,KnvZfZ7vAvF
KZazBEonSMnZfZ7vAnA,A Cappella,KnvZfZ7vAva
KZazBEonSMnZfZ7vAnk,Acadian,KnvZfZ7vAva
KZazBEonSMnZfZ7vAn6,Acid Folk,KnvZfZ7vAva
KZazBEonSMnZfZ7vAnF,Alternative Folk,KnvZfZ7vAva
KZazBEonSMnZfZ7vAna,Americana,KnvZfZ7vAva
KZazBEonSMnZfZ7vAn1,Andean Folk,KnvZfZ7vAva
KZazBEonSMnZfZ7vAnJ,Anti-Folk,KnvZfZ7vAva
KZazBEonSMnZfZ7vAnE,Appalachian Folk,KnvZfZ7vAva
KZazBEonSMnZfZ7vAnI,British Folk,KnvZfZ7vAva
KZazBEonSMnZfZ7vAnt,Bulgarian Folk,KnvZfZ7vAva
KZazBEonSMnZfZ7vAnn,Celtic Folk,KnvZfZ7vAva
KZazBEonSMnZfZ7vAnl,Central European Folk,KnvZfZ7vAva
KZazBEonSMnZfZ7vAlv,Contemporary Folk,KnvZfZ7vAva
KZazBEonSMnZfZ7vAle,Creole,KnvZfZ7vAva
KZazBEonSMnZfZ7vAld,Field Recordings,KnvZfZ7vAva
KZazBEonSMnZfZ7vAn7,Folk,KnvZfZ7vAva
KZazBEonSMnZfZ7vAl7,Folk Jazz,KnvZfZ7vAva
KZazBEonSMnZfZ7va16,Folk Punk,KnvZfZ7vAva
KZazBEonSMnZfZ7vAlA,Folk Revival,KnvZfZ7vAva
KZazBEonSMnZfZ7vAlk,Folk Rock,KnvZfZ7vAva
KZazBEonSMnZfZ7vAl6,Folk-Blues,KnvZfZ7vAva
KZazBEonSMnZfZ7vAlF,Folksongs,KnvZfZ7vAva
KZazBEonSMnZfZ7vaa7,German Folk,KnvZfZ7vAva
KZazBEonSMnZfZ7vAla,Greek Folk,KnvZfZ7vAva
KZazBEonSMnZfZ7vAl1,Hungarian Folk,KnvZfZ7vAva
KZazBEonSMnZfZ7va1F,Indie Folk,KnvZfZ7vAva
KZazBEonSMnZfZ7vAlJ,Irish Folk,KnvZfZ7vAva
KZazBEonSMnZfZ7vAlE,Jewish Folk,KnvZfZ7vAva
KZazBEonSMnZfZ7vAlI,Klezmer,KnvZfZ7vAva
KZazBEonSMnZfZ7vAlt,Latin America,KnvZfZ7vAva
KZazBEonSMnZfZ7vAln,Latin Folk,KnvZfZ7vAva
KZazBEonSMnZfZ7vAll,Mediterranean,KnvZfZ7vAva
KZazBEonSMnZfZ7vkvv,Mexican Folk,KnvZfZ7vAva
KZazBEonSMnZfZ7vkve,Middle Eastern,KnvZfZ7vAva
KZazBEonSMnZfZ7vkvd,Neo-Traditional Folk,KnvZfZ7vAva
KZazBEonSMnZfZ7vkv7,New Acoustic,KnvZfZ7vAva
KZazBEonSMnZfZ7vkvA,Political Folk,KnvZfZ7vAva
KZazBEonSMnZfZ7vkvk,Revival,KnvZfZ7vAva
KZazBEonSMnZfZ7vaaF,Schlager & Volksmusik,KnvZfZ7vAva
KZazBEonSMnZfZ7vkv6,Scottish Folk,KnvZfZ7vAva
KZazBEonSMnZfZ7vkvF,Sea Shanties,KnvZfZ7vAva
KZazBEonSMnZfZ7vkva,Traditional Cajun,KnvZfZ7vAva
KZazBEonSMnZfZ7vkv1,Traditional Folk,KnvZfZ7vAva
KZazBEonSMnZfZ7vkvJ,Traditional Irish Folk,KnvZfZ7vAva
KZazBEonSMnZfZ7vkvE,Traditional Middle Eastern Folk,KnvZfZ7vAva
KZazBEonSMnZfZ7vkvI,Traditional Scottish Folk,KnvZfZ7vAva
KZazBEonSMnZfZ7vkvt,Urban Folk,KnvZfZ7vAva
KZazBEonSMnZfZ7vkvn,Zydeco,KnvZfZ7vAva
KZazBEonSMnZfZ7vkev,Alternative Rap,KnvZfZ7vAv1
KZazBEonSMnZfZ7vkee,British Rap,KnvZfZ7vAv1
KZazBEonSMnZfZ7vked,Christian Rap,KnvZfZ7vAv1
KZazBEonSMnZfZ7vke7,Dirty Rap,KnvZfZ7vAv1
KZazBEonSMnZfZ7vkeA,East Coast Rap,KnvZfZ7vAv1
KZazBEonSMnZfZ7vkek,Electro,KnvZfZ7vAv1
KZazBEonSMnZfZ7vaa1,French Rap,KnvZfZ7vAv1
KZazBEonSMnZfZ7vke6,Gangsta Rap,KnvZfZ7vAv1
KZazBEonSMnZfZ7vkeF,Hardcore Rap,KnvZfZ7vAv1
KZazBEonSMnZfZ7vkvl,Hip-Hop/Rap,KnvZfZ7vAv1
KZazBEonSMnZfZ7vkea,Jazz-Rap,KnvZfZ7vAv1
KZazBEonSMnZfZ7vke1,Latin Hip-Hop,KnvZfZ7vAv1
KZazBEonSMnZfZ7vkeJ,Latin Rap,KnvZfZ7vAv1
KZazBEonSMnZfZ7vkeE,Midwestern Rap,KnvZfZ7vAv1
KZazBEonSMnZfZ7vkeI,Old School Rap,KnvZfZ7vAv1
KZazBEonSMnZfZ7vket,Party Rap,KnvZfZ7vAv1
KZazBEonSMnZfZ7vken,Political Rap,KnvZfZ7vAv1
KZazBEonSMnZfZ7vkel,Rap-Rock,KnvZfZ7vAv1
KZazBEonSMnZfZ7vkdv,Reggaeton,KnvZfZ7vAv1
KZazBEonSMnZfZ7vkde,Southern Rap,KnvZfZ7vAv1
KZazBEonSMnZfZ7vkdd,Turntablism,KnvZfZ7vAv1
KZazBEonSMnZfZ7vkd7,Underground Rap,KnvZfZ7vAv1
KZazBEonSMnZfZ7vkdA,Urban,KnvZfZ7vAv1
KZazBEonSMnZfZ7vkdk,West Coast Rap,KnvZfZ7vAv1
KZazBEonSMnZfZ7vkdF,Christmas Music,KnvZfZ7vAvJ
KZazBEonSMnZfZ7vkd6,Holiday,KnvZfZ7vAvJ
KZazBEonSMnZfZ7vkd1,Acid Jazz,KnvZfZ7vAvE
KZazBEonSMnZfZ7vkdJ,African Jazz,KnvZfZ7vAvE
KZazBEonSMnZfZ7vkdE,Afro-Cuban Jazz,KnvZfZ7vAvE
KZazBEonSMnZfZ7vkdI,Avant-Garde Jazz,KnvZfZ7vAvE
KZazBEonSMnZfZ7vkdt,Ballads,KnvZfZ7vAvE
KZazBEonSMnZfZ7vkdn,Ballroom Dance,KnvZfZ7vAvE
KZazBEonSMnZfZ7vkdl,Bebop,KnvZfZ7vAvE
KZazBEonSMnZfZ7vk7v,Big Band,KnvZfZ7vAvE
KZazBEonSMnZfZ7vk7e,Big Band/Swing,KnvZfZ7vAvE
KZazBEonSMnZfZ7vk7d,Boogie-Woogie,KnvZfZ7vAvE
KZazBEonSMnZfZ7vk77,Brazilian Jazz,KnvZfZ7vAvE
KZazBEonSMnZfZ7vk7A,British Dance Bands,KnvZfZ7vAvE
KZazBEonSMnZfZ7vk7k,Classic Big Band,KnvZfZ7vAvE
KZazBEonSMnZfZ7vk76,Classic Jazz,KnvZfZ7vAvE
KZazBEonSMnZfZ7vk7F,Contemporary Big Band,KnvZfZ7vAvE
KZazBEonSMnZfZ7vk7a,Contemporary Jazz,KnvZfZ7vAvE
KZazBEonSMnZfZ7vk71,Continental Jazz,KnvZfZ7vAvE
KZazBEonSMnZfZ7vk7J,Cool,KnvZfZ7vAvE
KZazBEonSMnZfZ7vk7E,Cool Jazz,KnvZfZ7vAvE
KZazBEonSMnZfZ7vk7I,Crossover Jazz,KnvZfZ7vAvE
KZazBEonSMnZfZ7vk7t,Cuban Big Band,KnvZfZ7vAvE
KZazBEonSMnZfZ7vk7n,Cuban Jazz,KnvZfZ7vAvE
KZazBEonSMnZfZ7vk7l,Dance Bands,KnvZfZ7vAvE
KZazBEonSMnZfZ7vkAv,Dixieland,KnvZfZ7vAvE
KZazBEonSMnZfZ7vkAe,Early Creative,KnvZfZ7vAvE
KZazBEonSMnZfZ7vkAd,European Jazz,KnvZfZ7vAvE
KZazBEonSMnZfZ7vkA7,Experimental Big Band,KnvZfZ7vAvE
KZazBEonSMnZfZ7vkAA,Free Funk,KnvZfZ7vAvE
KZazBEonSMnZfZ7vkAk,Free Jazz,KnvZfZ7vAvE
KZazBEonSMnZfZ7vkA6,Fusion,KnvZfZ7vAvE
KZazBEonSMnZfZ7vkAF,Hard Bop,KnvZfZ7vAvE
KZazBEonSMnZfZ7vkda,Jazz,KnvZfZ7vAvE
KZazBEonSMnZfZ7vkAa,Jazz Funk,KnvZfZ7vAvE
KZazBEonSMnZfZ7vkA1,Jazz Standards,KnvZfZ7vAvE
KZazBEonSMnZfZ7vkAJ,Jive,KnvZfZ7vAvE
KZazBEonSMnZfZ7vkAE,Jive Jazz,KnvZfZ7vAvE
KZazBEonSMnZfZ7vkAI,Latin Jazz,KnvZfZ7vAvE
KZazBEonSMnZfZ7vkAt,M-Base,KnvZfZ7vAvE
KZazBEonSMnZfZ7vkAn,Modern Big Band,KnvZfZ7vAvE
KZazBEonSMnZfZ7vkAl,Modern Creative,KnvZfZ7vAvE
KZazBEonSMnZfZ7vkkv,Modern Free,KnvZfZ7vAvE
KZazBEonSMnZfZ7vkke,New Orleans Brass Bands,KnvZfZ7vAvE
KZazBEonSMnZfZ7vkkd,New Orleans Jazz,KnvZfZ7vAvE
KZazBEonSMnZfZ7vkk7,Novelty Ragtime,KnvZfZ7vAvE
KZazBEonSMnZfZ7vkkA,Orchestral Jazz,KnvZfZ7vAvE
KZazBEonSMnZfZ7vkkk,Post-Bop,KnvZfZ7vAvE
KZazBEonSMnZfZ7vkk6,Progressive Big Band,KnvZfZ7vAvE
KZazBEonSMnZfZ7vkkF,Progressive Jazz,KnvZfZ7vAvE
KZazBEonSMnZfZ7vkka,Ragtime,KnvZfZ7vAvE
KZazBEonSMnZfZ7vkk1,Retro Swing,KnvZfZ7vAvE
KZazBEonSMnZfZ7vkkJ,Smooth Jazz,KnvZfZ7vAvE
KZazBEonSMnZfZ7vkkE,Society Dance Band,KnvZfZ7vAvE
KZazBEonSMnZfZ7vkkI,Soul Jazz,KnvZfZ7vAvE
KZazBEonSMnZfZ7vkkt,Soul-Jazz & Boogaloo,KnvZfZ7vAvE
KZazBEonSMnZfZ7vkkn,Stride Piano,KnvZfZ7vAvE
KZazBEonSMnZfZ7vkkl,Sweet Bands,KnvZfZ7vAvE
KZazBEonSMnZfZ7vk6v,Swing,KnvZfZ7vAvE
KZazBEonSMnZfZ7vk6e,Swing Jazz,KnvZfZ7vAvE
KZazBEonSMnZfZ7vk6d,Third Stream,KnvZfZ7vAvE
KZazBEonSMnZfZ7vk67,Traditional Jazz & Ragtime,KnvZfZ7vAvE
KZazBEonSMnZfZ7vk6A,Vintage Dance Bands,KnvZfZ7vAvE
KZazBEonSMnZfZ7vk6k,Vocal Jazz,KnvZfZ7vAvE
KZazBEonSMnZfZ7vk66,Vocalese,KnvZfZ7vAvE
KZazBEonSMnZfZ7vk6F,West Coast Jazz,KnvZfZ7vAvE
KZazBEonSMnZfZ7vk6a,World Jazz,KnvZfZ7vAvE
KZazBEonSMnZfZ7va1a,Latin,KnvZfZ7vAJ6
KZazBEonSMnZfZ7va11,Latin Children's,KnvZfZ7vAJ6
KZazBEonSMnZfZ7va1J,Latin Christian,KnvZfZ7vAJ6
KZazBEonSMnZfZ7va1E,Latin Contemporary Christian,KnvZfZ7vAJ6
KZazBEonSMnZfZ7va1I,Latin Dance,KnvZfZ7vAJ6
KZazBEonSMnZfZ7va1t,Latin Electronica,KnvZfZ7vAJ6
KZazBEonSMnZfZ7va1n,Latin Folk,KnvZfZ7vAJ6
KZazBEonSMnZfZ7va1l,Latin Freestyle,KnvZfZ7vAJ6
KZazBEonSMnZfZ7vaJv,Latin Hip-Hop,KnvZfZ7vAJ6
KZazBEonSMnZfZ7vaJe,Latin Jazz,KnvZfZ7vAJ6
KZazBEonSMnZfZ7vaJA,Latin Soul,KnvZfZ7vAJ6
KZazBEonSMnZfZ7vaJd,Latin Pop,KnvZfZ7vAJ6
KZazBEonSMnZfZ7vaJ7,Latin Rock,KnvZfZ7vAJ6
KZazBEonSMnZfZ7vk61,Medieval/Renaissance,KnvZfZ7vAvI
KZazBEonSMnZfZ7vk6J,Middle Age,KnvZfZ7vAvI
KZazBEonSMnZfZ7vk6I,Christian Metal,KnvZfZ7vAvt
KZazBEonSMnZfZ7vk6t,Death Metal/Black Metal,KnvZfZ7vAvt
KZazBEonSMnZfZ7vk6n,Doom Metal,KnvZfZ7vAvt
KZazBEonSMnZfZ7vk6l,Funk Metal,KnvZfZ7vAvt
KZazBEonSMnZfZ7vkFv,Goth Metal,KnvZfZ7vAvt
KZazBEonSMnZfZ7vkFe,Hair Metal,KnvZfZ7vAvt
KZazBEonSMnZfZ7vkFd,Heavy Metal,KnvZfZ7vAvt
KZazBEonSMnZfZ7vkF7,Industrial Metal,KnvZfZ7vAvt
KZazBEonSMnZfZ7vk6E,Metal,KnvZfZ7vAvt
KZazBEonSMnZfZ7vaJk,Metalcore,KnvZfZ7vAvt
KZazBEonSMnZfZ7vkFA,Neo-Classical Metal,KnvZfZ7vAvt
KZazBEonSMnZfZ7vkFk,New Wave Of British Heavy Metal,KnvZfZ7vAvt
KZazBEonSMnZfZ7vaJ6,Nu-Metal,KnvZfZ7vAvt
KZazBEonSMnZfZ7vkF6,Pop Metal,KnvZfZ7vAvt
KZazBEonSMnZfZ7vkFF,Power Metal,KnvZfZ7vAvt
KZazBEonSMnZfZ7vkFa,Punk Metal,KnvZfZ7vAvt
KZazBEonSMnZfZ7vkF1,Rap-Metal,KnvZfZ7vAvt
KZazBEonSMnZfZ7vkFJ,Scandinavian Metal,KnvZfZ7vAvt
KZazBEonSMnZfZ7vkFE,Sludge Metal,KnvZfZ7vAvt
KZazBEonSMnZfZ7vkFI,Speed Metal,KnvZfZ7vAvt
KZazBEonSMnZfZ7vkFt,Stoner Metal,KnvZfZ7vAvt
KZazBEonSMnZfZ7vkFn,Symphonic Black Metal,KnvZfZ7vAvt
KZazBEonSMnZfZ7vkFl,Thrash & Speed,KnvZfZ7vAvt
KZazBEonSMnZfZ7vkae,Adult Alternative,KnvZfZ7vAvn
KZazBEonSMnZfZ7vkad,Ambient,KnvZfZ7vAvn
KZazBEonSMnZfZ7vka7,Celtic,KnvZfZ7vAvn
KZazBEonSMnZfZ7vkaA,Celtic New Age,KnvZfZ7vAvn
KZazBEonSMnZfZ7vkak,Chamber Jazz,KnvZfZ7vAvn
KZazBEonSMnZfZ7vka6,Contemporary Instrumental,KnvZfZ7vAvn
KZazBEonSMnZfZ7vkaF,Electro-Acoustic,KnvZfZ7vAvn
KZazBEonSMnZfZ7vkaa,Electronic & Space Music,KnvZfZ7vAvn
KZazBEonSMnZfZ7vka1,Environmental,KnvZfZ7vAvn
KZazBEonSMnZfZ7vkaJ,Ethnic Fusion,KnvZfZ7vAvn
KZazBEonSMnZfZ7vkaE,Healing,KnvZfZ7vAvn
KZazBEonSMnZfZ7vkaI,Meditation,KnvZfZ7vAvn
KZazBEonSMnZfZ7vkat,Minimalism,KnvZfZ7vAvn
KZazBEonSMnZfZ7vkan,Nature,KnvZfZ7vAvn
KZazBEonSMnZfZ7vkal,Neo-Classical,KnvZfZ7vAvn
KZazBEonSMnZfZ7vk1v,New Acoustic,KnvZfZ7vAvn
KZazBEonSMnZfZ7vkav,New Age,KnvZfZ7vAvn
KZazBEonSMnZfZ7vk1e,New Age World Music,KnvZfZ7vAvn
KZazBEonSMnZfZ7vk1d,Progressive Alternative,KnvZfZ7vAvn
KZazBEonSMnZfZ7vk17,Progressive Electronic,KnvZfZ7vAvn
KZazBEonSMnZfZ7vk1A,Relaxation,KnvZfZ7vAvn
KZazBEonSMnZfZ7vk1k,Self-Help,KnvZfZ7vAvn
KZazBEonSMnZfZ7vk16,Solo Instrumental,KnvZfZ7vAvn
KZazBEonSMnZfZ7vk1F,Space,KnvZfZ7vAvn
KZazBEonSMnZfZ7vk1a,Spiritual,KnvZfZ7vAvn
KZazBEonSMnZfZ7vk11,Techno-Tribal,KnvZfZ7vAvn
KZazBEonSMnZfZ7vk1J,World Dance,KnvZfZ7vAvn
KZazBEonSMnZfZ7vk1I,Other,KnvZfZ7vAvl
KZazBEonSMnZfZ7vaJF,A Cappella,KnvZfZ7vAev
KZazBEonSMnZfZ7vk1n,Adult Alternative Pop,KnvZfZ7vAev
KZazBEonSMnZfZ7vk1l,Adult Contemporary,KnvZfZ7vAev
KZazBEonSMnZfZ7vkJv,African Pop,KnvZfZ7vAev
KZazBEonSMnZfZ7vkJe,Afro-Pop,KnvZfZ7vAev
KZazBEonSMnZfZ7vkJd,Asian Pop,KnvZfZ7vAev
KZazBEonSMnZfZ7vkJ7,Banda,KnvZfZ7vAev
KZazBEonSMnZfZ7vkJA,Bossa Nova,KnvZfZ7vAev
KZazBEonSMnZfZ7vkJk,Brazilian Pop,KnvZfZ7vAev
KZazBEonSMnZfZ7v6JJ,Brill Building Pop,KnvZfZ7vAev
KZazBEonSMnZfZ7vkJ6,British Pop,KnvZfZ7vAev
KZazBEonSMnZfZ7vkJF,Bubblegum & Sunshine Pop,KnvZfZ7vAev
KZazBEonSMnZfZ7vkJa,Canto-Pop,KnvZfZ7vAev
KZazBEonSMnZfZ7vkJ1,Celtic Pop,KnvZfZ7vAev
KZazBEonSMnZfZ7vkJJ,Chinese Pop,KnvZfZ7vAev
KZazBEonSMnZfZ7vkJE,Cuban Pop,KnvZfZ7vAev
KZazBEonSMnZfZ7vkJI,Dance,KnvZfZ7vAev
KZazBEonSMnZfZ7vkJt,Dream Pop,KnvZfZ7vAev
KZazBEonSMnZfZ7vkJn,Euro Pop,KnvZfZ7vAev
KZazBEonSMnZfZ7vkJl,European Pop,KnvZfZ7vAev
KZazBEonSMnZfZ7vkEv,Fado,KnvZfZ7vAev
KZazBEonSMnZfZ7vkEe,French Pop,KnvZfZ7vAev
KZazBEonSMnZfZ7vkEd,French Rock,KnvZfZ7vAev
KZazBEonSMnZfZ7vkE7,Hawaiian Pop,KnvZfZ7vAev
KZazBEonSMnZfZ7vkEA,Hong Kong Pop,KnvZfZ7vAev
KZazBEonSMnZfZ7vkEk,Indie Pop,KnvZfZ7vAev
KZazBEonSMnZfZ7vkE6,International Pop,KnvZfZ7vAev
KZazBEonSMnZfZ7vkEF,Italian Pop,KnvZfZ7vAev
KZazBEonSMnZfZ7vkEa,Japanese Pop,KnvZfZ7vAev
KZazBEonSMnZfZ7vkE1,K-Pop,KnvZfZ7vAev
KZazBEonSMnZfZ7vkEJ,Latin Pop,KnvZfZ7vAev
KZazBEonSMnZfZ7vkEE,Música Popular Brasileira,KnvZfZ7vAev
KZazBEonSMnZfZ7vkEI,New Wave,KnvZfZ7vAev
KZazBEonSMnZfZ7vkEt,Norteno,KnvZfZ7vAev
KZazBEonSMnZfZ7vkEn,Nueva Cancion,KnvZfZ7vAev
KZazBEonSMnZfZ7vk1t,Pop,KnvZfZ7vAev
KZazBEonSMnZfZ7vkEl,Pop Rock,KnvZfZ7vAev
KZazBEonSMnZfZ7vkIv,Pop Vocal,KnvZfZ7vAev
KZazBEonSMnZfZ7vkIe,Power Pop,KnvZfZ7vAev
KZazBEonSMnZfZ7vkId,Ranchera,KnvZfZ7vAev
KZazBEonSMnZfZ7vkI7,Rembetika,KnvZfZ7vAev
KZazBEonSMnZfZ7vkIA,Shibuya-Kei,KnvZfZ7vAev
KZazBEonSMnZfZ7vkIk,Singer-Songwriter,KnvZfZ7vAev
KZazBEonSMnZfZ7vkI6,Sunshine Pop,KnvZfZ7vAev
KZazBEonSMnZfZ7vkIF,Swamp Pop,KnvZfZ7vAev
KZazBEonSMnZfZ7vkIa,Synth Pop,KnvZfZ7vAev
KZazBEonSMnZfZ7vkI1,Taiwanese Pop,KnvZfZ7vAev
KZazBEonSMnZfZ7vkIJ,Teen Pop,KnvZfZ7vAev
KZazBEonSMnZfZ7vkIE,Tejano,KnvZfZ7vAev
KZazBEonSMnZfZ7vkII,Thai Pop,KnvZfZ7vAev
KZazBEonSMnZfZ7vkIn,Beach,KnvZfZ7vAee
KZazBEonSMnZfZ7vkIl,Blue-Eyed Soul,KnvZfZ7vAee
KZazBEonSMnZfZ7vktv,Brown-Eyed Soul,KnvZfZ7vAee
KZazBEonSMnZfZ7vkte,Chicago Soul,KnvZfZ7vAee
KZazBEonSMnZfZ7vktd,Classic R&B,KnvZfZ7vAee
KZazBEonSMnZfZ7vkt7,Classic Soul,KnvZfZ7vAee
KZazBEonSMnZfZ7vktA,Contemporary R&B,KnvZfZ7vAee
KZazBEonSMnZfZ7vktk,Country Soul,KnvZfZ7vAee
KZazBEonSMnZfZ7vkt6,Deep Funk,KnvZfZ7vAee
KZazBEonSMnZfZ7vktF,Deep Funk Revival,KnvZfZ7vAee
KZazBEonSMnZfZ7vkta,Deep Soul,KnvZfZ7vAee
KZazBEonSMnZfZ7vkt1,Doo Wop,KnvZfZ7vAee
KZazBEonSMnZfZ7vktJ,Free Funk,KnvZfZ7vAee
KZazBEonSMnZfZ7vktE,Funk,KnvZfZ7vAee
KZazBEonSMnZfZ7vktI,Hawaiian R&B & Hip-Hop,KnvZfZ7vAee
KZazBEonSMnZfZ7vktt,Jazz Funk,KnvZfZ7vAee
KZazBEonSMnZfZ7vktn,Latin Soul,KnvZfZ7vAee
KZazBEonSMnZfZ7vktl,Memphis Soul,KnvZfZ7vAee
KZazBEonSMnZfZ7vknv,Motown,KnvZfZ7vAee
KZazBEonSMnZfZ7vkne,Neo-Soul,KnvZfZ7vAee
KZazBEonSMnZfZ7vknd,New Jack Swing,KnvZfZ7vAee
KZazBEonSMnZfZ7vkn7,New Orleans R&B,KnvZfZ7vAee
KZazBEonSMnZfZ7vknA,Northern Soul,KnvZfZ7vAee
KZazBEonSMnZfZ7vknk,Philly Soul,KnvZfZ7vAee
KZazBEonSMnZfZ7vkn6,Pop-Soul,KnvZfZ7vAee
KZazBEonSMnZfZ7vknF,Psychedelic Soul,KnvZfZ7vAee
KZazBEonSMnZfZ7vkna,Quiet Storm,KnvZfZ7vAee
KZazBEonSMnZfZ7vkIt,R&B,KnvZfZ7vAee
KZazBEonSMnZfZ7vkn1,Retro-Soul,KnvZfZ7vAee
KZazBEonSMnZfZ7vknJ,Smooth Soul,KnvZfZ7vAee
KZazBEonSMnZfZ7vknE,Soul,KnvZfZ7vAee
KZazBEonSMnZfZ7vknI,Southern Soul,KnvZfZ7vAee
KZazBEonSMnZfZ7vknt,Uptown Soul,KnvZfZ7vAee
KZazBEonSMnZfZ7vknn,Urban Adult Contemporary,KnvZfZ7vAee
KZazBEonSMnZfZ7vklv,Belair,KnvZfZ7vAed
KZazBEonSMnZfZ7vkle,Bluebeat,KnvZfZ7vAed
KZazBEonSMnZfZ7vkld,Cadence,KnvZfZ7vAed
KZazBEonSMnZfZ7vkl7,Calypso,KnvZfZ7vAed
KZazBEonSMnZfZ7vklA,Carribbean,KnvZfZ7vAed
KZazBEonSMnZfZ7vklk,Chouval Bwa,KnvZfZ7vAed
KZazBEonSMnZfZ7vkl6,Classic Ska,KnvZfZ7vAed
KZazBEonSMnZfZ7vklF,Contemporary Reggae,KnvZfZ7vAed
KZazBEonSMnZfZ7vkl1,Dancehall Reggae,KnvZfZ7vAed
KZazBEonSMnZfZ7vkla,DJ,KnvZfZ7vAed
KZazBEonSMnZfZ7vklJ,Dub,KnvZfZ7vAed
KZazBEonSMnZfZ7vklE,Dub Poetry,KnvZfZ7vAed
KZazBEonSMnZfZ7vklI,Gwo Ka,KnvZfZ7vAed
KZazBEonSMnZfZ7vklt,Junkanoo,KnvZfZ7vAed
KZazBEonSMnZfZ7vkln,Lovers Rock,KnvZfZ7vAed
KZazBEonSMnZfZ7vkll,Mento,KnvZfZ7vAed
KZazBEonSMnZfZ7v6vv,Nyahbinghi,KnvZfZ7vAed
KZazBEonSMnZfZ7v6ve,Party Soca,KnvZfZ7vAed
KZazBEonSMnZfZ7v6vd,Political Reggae,KnvZfZ7vAed
KZazBEonSMnZfZ7v6v7,Ragga,KnvZfZ7vAed
KZazBEonSMnZfZ7v6vA,Rapso,KnvZfZ7vAed
KZazBEonSMnZfZ7vknl,Reggae,KnvZfZ7vAed
KZazBEonSMnZfZ7v6vk,Reggae Gospel,KnvZfZ7vAed
KZazBEonSMnZfZ7v6v6,Reggae-Pop,KnvZfZ7vAed
KZazBEonSMnZfZ7v6vF,Rock Steady,KnvZfZ7vAed
KZazBEonSMnZfZ7v6va,Roots Reggae,KnvZfZ7vAed
KZazBEonSMnZfZ7v6v1,Smooth Reggae,KnvZfZ7vAed
KZazBEonSMnZfZ7v6vJ,Spouge,KnvZfZ7vAed
KZazBEonSMnZfZ7v6vE,Steel Band,KnvZfZ7vAed
KZazBEonSMnZfZ7v6vt,Alternative Christian,KnvZfZ7vAe7
KZazBEonSMnZfZ7v6vl,Bluegrass-Gospel,KnvZfZ7vAe7
KZazBEonSMnZfZ7v6ev,Blues Gospel,KnvZfZ7vAe7
KZazBEonSMnZfZ7v6ee,Celtic Gospel,KnvZfZ7vAe7
KZazBEonSMnZfZ7v6ed,Christian Metal,KnvZfZ7vAe7
KZazBEonSMnZfZ7v6e7,Christian Rap,KnvZfZ7vAe7
KZazBEonSMnZfZ7v6eA,Christian Rock,KnvZfZ7vAe7
KZazBEonSMnZfZ7v6ek,Contemporary Christian,KnvZfZ7vAe7
KZazBEonSMnZfZ7v6e6,Country Blues,KnvZfZ7vAe7
KZazBEonSMnZfZ7v6eF,Country Gospel,KnvZfZ7vAe7
KZazBEonSMnZfZ7v6ea,Gospel,KnvZfZ7vAe7
KZazBEonSMnZfZ7v6e1,Gospel Choir,KnvZfZ7vAe7
KZazBEonSMnZfZ7v6eJ,Hymns,KnvZfZ7vAe7
KZazBEonSMnZfZ7v6eE,Inspirational,KnvZfZ7vAe7
KZazBEonSMnZfZ7v6eI,Instrumental Gospel,KnvZfZ7vAe7
KZazBEonSMnZfZ7v6et,Jesus Rock,KnvZfZ7vAe7
KZazBEonSMnZfZ7v6en,Jewish & Yiddish Music,KnvZfZ7vAe7
KZazBEonSMnZfZ7v6el,Jewish Folk,KnvZfZ7vAe7
KZazBEonSMnZfZ7v6dv,Latin Christian,KnvZfZ7vAe7
KZazBEonSMnZfZ7v6de,Latin Contemporary Christian,KnvZfZ7vAe7
KZazBEonSMnZfZ7v6dd,Praise & Worship,KnvZfZ7vAe7
KZazBEonSMnZfZ7v6d7,Reggae Gospel,KnvZfZ7vAe7
KZazBEonSMnZfZ7v6vI,Religious,KnvZfZ7vAe7
KZazBEonSMnZfZ7v6dA,Scriptures,KnvZfZ7vAe7
KZazBEonSMnZfZ7v6dk,Southern Gospel,KnvZfZ7vAe7
KZazBEonSMnZfZ7v6d6,Spirituals,KnvZfZ7vAe7
KZazBEonSMnZfZ7v6dF,Traditional,KnvZfZ7vAe7
KZazBEonSMnZfZ7v6d1,Aboriginal Rock,KnvZfZ7vAeA
KZazBEonSMnZfZ7v6dJ,Acid Folk,KnvZfZ7vAeA
KZazBEonSMnZfZ7v6dE,Acid Rock,KnvZfZ7vAeA
KZazBEonSMnZfZ7v6dI,Adult Contemporary,KnvZfZ7vAeA
KZazBEonSMnZfZ7v6dt,Alternative Rock,KnvZfZ7vAeA
KZazBEonSMnZfZ7v6dn,Alternative Roots,KnvZfZ7vAeA
KZazBEonSMnZfZ7v6dl,American Punk,KnvZfZ7vAeA
KZazBEonSMnZfZ7v67v,Anarchist Punk,KnvZfZ7vAeA
KZazBEonSMnZfZ7v67e,Arena Rock,KnvZfZ7vAeA
KZazBEonSMnZfZ7v67d,Art Rock,KnvZfZ7vAeA
KZazBEonSMnZfZ7v677,Aussie Rock,KnvZfZ7vAeA
KZazBEonSMnZfZ7v67A,Avant-Garde Rock,KnvZfZ7vAeA
KZazBEonSMnZfZ7v67k,Bar Band,KnvZfZ7vAeA
KZazBEonSMnZfZ7v676,Blues-Rock,KnvZfZ7vAeA
KZazBEonSMnZfZ7v67F,Boogie Rock,KnvZfZ7vAeA
KZazBEonSMnZfZ7v67a,British D416,KnvZfZ7vAeA
KZazBEonSMnZfZ7v671,British Folk-Rock,KnvZfZ7vAeA
KZazBEonSMnZfZ7v67J,British Invasion,KnvZfZ7vAeA
KZazBEonSMnZfZ7v67E,British Metal,KnvZfZ7vAeA
KZazBEonSMnZfZ7v67I,British Psychedelia,KnvZfZ7vAeA
KZazBEonSMnZfZ7v67t,British Punk,KnvZfZ7vAeA
KZazBEonSMnZfZ7v67n,Canterbury Scene,KnvZfZ7vAeA
KZazBEonSMnZfZ7v67l,Celebrity,KnvZfZ7vAeA
KZazBEonSMnZfZ7v6Av,Celtic Rock,KnvZfZ7vAeA
KZazBEonSMnZfZ7v6Ae,Christian Punk,KnvZfZ7vAeA
KZazBEonSMnZfZ7v6Ad,Christian Rock,KnvZfZ7vAeA
KZazBEonSMnZfZ7v6A7,Classic Rock,KnvZfZ7vAeA
KZazBEonSMnZfZ7v6Ak,Death Metal/ Black Metal,KnvZfZ7vAeA
KZazBEonSMnZfZ7v6A6,Detroit Rock,KnvZfZ7vAeA
KZazBEonSMnZfZ7v6AF,Doo Wop,KnvZfZ7vAeA
KZazBEonSMnZfZ7v6Aa,Doom Metal,KnvZfZ7vAeA
KZazBEonSMnZfZ7v6A1,Early British Rock,KnvZfZ7vAeA
KZazBEonSMnZfZ7v6AJ,Early Rock & Roll,KnvZfZ7vAeA
KZazBEonSMnZfZ7v6AE,Electronic,KnvZfZ7vAeA
KZazBEonSMnZfZ7v6AI,Emo,KnvZfZ7vAeA
KZazBEonSMnZfZ7v6At,European Pop,KnvZfZ7vAeA
KZazBEonSMnZfZ7v6An,European Rock,KnvZfZ7vAeA
KZazBEonSMnZfZ7v6Al,Experimental Rock,KnvZfZ7vAeA
KZazBEonSMnZfZ7v6kv,Folk Rock,KnvZfZ7vAeA
KZazBEonSMnZfZ7v6ke,Frat Rock,KnvZfZ7vAeA
KZazBEonSMnZfZ7v6kd,Freakbeat,KnvZfZ7vAeA
KZazBEonSMnZfZ7v6k7,Funk-Rock,KnvZfZ7vAeA
KZazBEonSMnZfZ7v6kA,Fusion,KnvZfZ7vAeA
KZazBEonSMnZfZ7v6kk,Garage Punk,KnvZfZ7vAeA
KZazBEonSMnZfZ7v6k6,Garage Rock,KnvZfZ7vAeA
KZazBEonSMnZfZ7v6kF,Garage Rock Revival,KnvZfZ7vAeA
KZazBEonSMnZfZ7vaaA,German Rock,KnvZfZ7vAeA
KZazBEonSMnZfZ7v6ka,Girl Group,KnvZfZ7vAeA
KZazBEonSMnZfZ7v6k1,Glam,KnvZfZ7vAeA
KZazBEonSMnZfZ7v6kJ,Goth Metal,KnvZfZ7vAeA
KZazBEonSMnZfZ7v6kE,Grindcore,KnvZfZ7vAeA
KZazBEonSMnZfZ7v6kI,Guitar Gods,KnvZfZ7vAeA
KZazBEonSMnZfZ7v6kt,Guitar Virtuoso,KnvZfZ7vAeA
KZazBEonSMnZfZ7v6kn,Hair Metal,KnvZfZ7vAeA
KZazBEonSMnZfZ7v6kl,Hard Rock,KnvZfZ7vAeA
KZazBEonSMnZfZ7v66v,Hardcore Punk,KnvZfZ7vAeA
KZazBEonSMnZfZ7v66e,Heartland Rock,KnvZfZ7vAeA
KZazBEonSMnZfZ7v66d,Hot Rod,KnvZfZ7vAeA
KZazBEonSMnZfZ7v667,Hot Rod Revival,KnvZfZ7vAeA
KZazBEonSMnZfZ7v66A,Indie Rock,KnvZfZ7vAeA
KZazBEonSMnZfZ7v66k,Industrial Metal,KnvZfZ7vAeA
KZazBEonSMnZfZ7v666,Instrumental Rock,KnvZfZ7vAeA
KZazBEonSMnZfZ7v66F,Japanese Rock,KnvZfZ7vAeA
KZazBEonSMnZfZ7v66a,Jazz-Rock,KnvZfZ7vAeA
KZazBEonSMnZfZ7v661,Kraut Rock,KnvZfZ7vAeA
KZazBEonSMnZfZ7v66J,L.A. Punk,KnvZfZ7vAeA
KZazBEonSMnZfZ7v66E,Latin Rock,KnvZfZ7vAeA
KZazBEonSMnZfZ7v66I,Merseybeat,KnvZfZ7vAeA
KZazBEonSMnZfZ7v66t,Mod,KnvZfZ7vAeA
KZazBEonSMnZfZ7v66n,Mod Revival,KnvZfZ7vAeA
KZazBEonSMnZfZ7v66l,Neo-Classical Metal,KnvZfZ7vAeA
KZazBEonSMnZfZ7v6Fv,Neo-Prog,KnvZfZ7vAeA
KZazBEonSMnZfZ7v6Fe,New Romantic,KnvZfZ7vAeA
KZazBEonSMnZfZ7v6Fd,New Wave,KnvZfZ7vAeA
KZazBEonSMnZfZ7v6F7,New Wave Of British Heavy Metal,KnvZfZ7vAeA
KZazBEonSMnZfZ7v6FA,New York Punk,KnvZfZ7vAeA
KZazBEonSMnZfZ7v6Fk,No Wave,KnvZfZ7vAeA
KZazBEonSMnZfZ7v6F6,Obscuro,KnvZfZ7vAeA
KZazBEonSMnZfZ7v6FF,Oi!,KnvZfZ7vAeA
KZazBEonSMnZfZ7vavA,Oldies & Classics,KnvZfZ7vAeA
KZazBEonSMnZfZ7v6F1,Pop,KnvZfZ7vAeA
KZazBEonSMnZfZ7v6FJ,Pop Metal,KnvZfZ7vAeA
KZazBEonSMnZfZ7v6FE,Pop Punk,KnvZfZ7vAeA
KZazBEonSMnZfZ7v6Ft,Post-Hardcore,KnvZfZ7vAeA
KZazBEonSMnZfZ7v6Fn,Post-Punk,KnvZfZ7vAeA
KZazBEonSMnZfZ7v6Fl,Power Metal,KnvZfZ7vAeA
KZazBEonSMnZfZ7v6av,Power Pop,KnvZfZ7vAeA
KZazBEonSMnZfZ7v6ae,Progressive Metal,KnvZfZ7vAeA
KZazBEonSMnZfZ7v6ad,Progressive Rock,KnvZfZ7vAeA
KZazBEonSMnZfZ7v6a7,Proto-Punk,KnvZfZ7vAeA
KZazBEonSMnZfZ7v6aA,Psychedelic,KnvZfZ7vAeA
KZazBEonSMnZfZ7v6ak,Pub Rock,KnvZfZ7vAeA
KZazBEonSMnZfZ7v6a6,Punk,KnvZfZ7vAeA
KZazBEonSMnZfZ7v6aF,Punk Blues,KnvZfZ7vAeA
KZazBEonSMnZfZ7v6aa,Punk Metal,KnvZfZ7vAeA
KZazBEonSMnZfZ7v6a1,Punk Revival,KnvZfZ7vAeA
KZazBEonSMnZfZ7v6aE,Rap-Metal,KnvZfZ7vAeA
KZazBEonSMnZfZ7v6aJ,Rap-Rock,KnvZfZ7vAeA
KZazBEonSMnZfZ7v6at,Retro Rock Revival,KnvZfZ7vAeA
KZazBEonSMnZfZ7v6da,Rock,KnvZfZ7vAeA
KZazBEonSMnZfZ7v6an,Rock & Roll,KnvZfZ7vAeA
KZazBEonSMnZfZ7v6al,Rockabilly,KnvZfZ7vAeA
KZazBEonSMnZfZ7v61v,Rockabilly Revival,KnvZfZ7vAeA
KZazBEonSMnZfZ7v61e,Roots Rock,KnvZfZ7vAeA
KZazBEonSMnZfZ7v61d,Scandinavian Metal,KnvZfZ7vAeA
KZazBEonSMnZfZ7v617,Screamo,KnvZfZ7vAeA
KZazBEonSMnZfZ7v61A,Shred,KnvZfZ7vAeA
KZazBEonSMnZfZ7v61k,Ska Revival,KnvZfZ7vAeA
KZazBEonSMnZfZ7v616,Skiffle,KnvZfZ7vAeA
KZazBEonSMnZfZ7v61F,Sludge Metal,KnvZfZ7vAeA
KZazBEonSMnZfZ7v61a,Soft Rock,KnvZfZ7vAeA
KZazBEonSMnZfZ7v611,Sophisti-Pop,KnvZfZ7vAeA
KZazBEonSMnZfZ7v61J,Southern Rock,KnvZfZ7vAeA
KZazBEonSMnZfZ7v61E,Stoner Metal,KnvZfZ7vAeA
KZazBEonSMnZfZ7v61I,Straight-Edge,KnvZfZ7vAeA
KZazBEonSMnZfZ7v61t,Surf,KnvZfZ7vAeA
KZazBEonSMnZfZ7v61n,Surf Guitar,KnvZfZ7vAeA
KZazBEonSMnZfZ7v61l,Surf Revival,KnvZfZ7vAeA
KZazBEonSMnZfZ7v6Jv,Surf Rock,KnvZfZ7vAeA
KZazBEonSMnZfZ7v6Je,Swedish Rock,KnvZfZ7vAeA
KZazBEonSMnZfZ7v6Jd,Symphonic Black Metal,KnvZfZ7vAeA
KZazBEonSMnZfZ7v6J7,Teen Idol,KnvZfZ7vAeA
KZazBEonSMnZfZ7v6JA,Tex-Mex,KnvZfZ7vAeA
KZazBEonSMnZfZ7v6Jk,Thrash & Speed Metal,KnvZfZ7vAeA
KZazBEonSMnZfZ7v6J6,Traditional Folk,KnvZfZ7vAeA
KZazBEonSMnZfZ7v6JF,World Rock,KnvZfZ7vAeA
KZazBEonSMnZfZ7v6Ja,Worldbeat,KnvZfZ7vAeA
KZazBEonSMnZfZ7v6JI,Undefined,KnvZfZ7vAe6
KZazBEonSMnZfZ7v6Jn,Aborginal Folk,KnvZfZ7vAeF
KZazBEonSMnZfZ7v6Jl,Afghanistan,KnvZfZ7vAeF
KZazBEonSMnZfZ7v6Ev,African,KnvZfZ7vAeF
KZazBEonSMnZfZ7v6Ee,African Folk,KnvZfZ7vAeF
KZazBEonSMnZfZ7v6Ed,African Jazz,KnvZfZ7vAeF
KZazBEonSMnZfZ7v6E7,Afro Brazilian,KnvZfZ7vAeF
KZazBEonSMnZfZ7v6EA,Afro Peruvian,KnvZfZ7vAeF
KZazBEonSMnZfZ7v6Ek,Afro-Beat,KnvZfZ7vAeF
KZazBEonSMnZfZ7v6E6,Afro-Cuban,KnvZfZ7vAeF
KZazBEonSMnZfZ7v6EF,Afro-Cuban Jazz,KnvZfZ7vAeF
KZazBEonSMnZfZ7v6Ea,Algeria,KnvZfZ7vAeF
KZazBEonSMnZfZ7v6E1,Andalus Classical,KnvZfZ7vAeF
KZazBEonSMnZfZ7v6EJ,Andes,KnvZfZ7vAeF
KZazBEonSMnZfZ7v6EE,Appalachian,KnvZfZ7vAeF
KZazBEonSMnZfZ7v6EI,Arabic,KnvZfZ7vAeF
KZazBEonSMnZfZ7v6Et,Argentina,KnvZfZ7vAeF
KZazBEonSMnZfZ7v6En,Armenian,KnvZfZ7vAeF
KZazBEonSMnZfZ7v6El,Asia,KnvZfZ7vAeF
KZazBEonSMnZfZ7v6Iv,Asian Pop,KnvZfZ7vAeF
KZazBEonSMnZfZ7v6Ie,Australasia,KnvZfZ7vAeF
KZazBEonSMnZfZ7v6Id,Bachata,KnvZfZ7vAeF
KZazBEonSMnZfZ7v6I7,Bahamas,KnvZfZ7vAeF
KZazBEonSMnZfZ7v6IA,Beguine,KnvZfZ7vAeF
KZazBEonSMnZfZ7v6Ik,Beguine Moderne,KnvZfZ7vAeF
KZazBEonSMnZfZ7v6I6,Belly Dancing,KnvZfZ7vAeF
KZazBEonSMnZfZ7v6IF,Benin,KnvZfZ7vAeF
KZazBEonSMnZfZ7v6Ia,Bhangra,KnvZfZ7vAeF
KZazBEonSMnZfZ7v6I1,Bhutan,KnvZfZ7vAeF
KZazBEonSMnZfZ7v6IJ,Big Band Latino,KnvZfZ7vAeF
KZazBEonSMnZfZ7v6IE,Bikutsi,KnvZfZ7vAeF
KZazBEonSMnZfZ7v6II,Bolero,KnvZfZ7vAeF
KZazBEonSMnZfZ7v6It,Bolivia,KnvZfZ7vAeF
KZazBEonSMnZfZ7v6In,Bollywood,KnvZfZ7vAeF
KZazBEonSMnZfZ7v6Il,Boogaloo,KnvZfZ7vAeF
KZazBEonSMnZfZ7v6tv,Botswana,KnvZfZ7vAeF
KZazBEonSMnZfZ7v6te,Brazil,KnvZfZ7vAeF
KZazBEonSMnZfZ7v6td,Brazilian Folk And Dance,KnvZfZ7vAeF
KZazBEonSMnZfZ7v6t7,Brazilian Jazz,KnvZfZ7vAeF
KZazBEonSMnZfZ7v6tA,British Punk,KnvZfZ7vAeF
KZazBEonSMnZfZ7v6tk,Burundi,KnvZfZ7vAeF
KZazBEonSMnZfZ7v6t6,Cambodia,KnvZfZ7vAeF
KZazBEonSMnZfZ7v6tF,Cameroon,KnvZfZ7vAeF
KZazBEonSMnZfZ7v6ta,Cape Verde,KnvZfZ7vAeF
KZazBEonSMnZfZ7v6t1,Carnatic,KnvZfZ7vAeF
KZazBEonSMnZfZ7v6tJ,Celtic Pop,KnvZfZ7vAeF
KZazBEonSMnZfZ7v6tE,Celtic/ British Isles,KnvZfZ7vAeF
KZazBEonSMnZfZ7v6tI,Central Europe,KnvZfZ7vAeF
KZazBEonSMnZfZ7v6tt,Cha-Cha,KnvZfZ7vAeF
KZazBEonSMnZfZ7v6tn,Chant,KnvZfZ7vAeF
KZazBEonSMnZfZ7v6tl,Chassidic,KnvZfZ7vAeF
KZazBEonSMnZfZ7v6nv,Chile,KnvZfZ7vAeF
KZazBEonSMnZfZ7v6ne,Chimurenga,KnvZfZ7vAeF
KZazBEonSMnZfZ7v6nd,China,KnvZfZ7vAeF
KZazBEonSMnZfZ7v6n7,Christmas,KnvZfZ7vAeF
KZazBEonSMnZfZ7v6nA,Colombia,KnvZfZ7vAeF
KZazBEonSMnZfZ7v6nk,Compas,KnvZfZ7vAeF
KZazBEonSMnZfZ7v6n6,Conjunto,KnvZfZ7vAeF
KZazBEonSMnZfZ7v6nF,Contemporary Celtic,KnvZfZ7vAeF
KZazBEonSMnZfZ7v6na,Contemporary Flamenco,KnvZfZ7vAeF
KZazBEonSMnZfZ7v6n1,Continental Europe,KnvZfZ7vAeF
KZazBEonSMnZfZ7v6nJ,Corrido,KnvZfZ7vAeF
KZazBEonSMnZfZ7v6nE,Costa Rica,KnvZfZ7vAeF
KZazBEonSMnZfZ7v6nI,Cuban,KnvZfZ7vAeF
KZazBEonSMnZfZ7v6nt,Cuban Big Band,KnvZfZ7vAeF
KZazBEonSMnZfZ7v6nn,Cuban Calypso,KnvZfZ7vAeF
KZazBEonSMnZfZ7v6nl,Cuban Charanga,KnvZfZ7vAeF
KZazBEonSMnZfZ7v6lv,Cuban Jazz,KnvZfZ7vAeF
KZazBEonSMnZfZ7v6le,Cuban Rhumba,KnvZfZ7vAeF
KZazBEonSMnZfZ7v6ld,Cumbia,KnvZfZ7vAeF
KZazBEonSMnZfZ7v6l7,Danzon,KnvZfZ7vAeF
KZazBEonSMnZfZ7v6lA,Dhrupad,KnvZfZ7vAeF
KZazBEonSMnZfZ7v6lk,Djabdong,KnvZfZ7vAeF
KZazBEonSMnZfZ7v6l6,Dominican Republic,KnvZfZ7vAeF
KZazBEonSMnZfZ7v6lF,Drinking Songs,KnvZfZ7vAeF
KZazBEonSMnZfZ7v6la,Eastern Europe,KnvZfZ7vAeF
KZazBEonSMnZfZ7v6l1,Egypt,KnvZfZ7vAeF
KZazBEonSMnZfZ7v6lJ,Ethiopia,KnvZfZ7vAeF
KZazBEonSMnZfZ7v6lE,Euro-Rock,KnvZfZ7vAeF
KZazBEonSMnZfZ7v6lI,Europe,KnvZfZ7vAeF
KZazBEonSMnZfZ7v6lt,European Jazz,KnvZfZ7vAeF
KZazBEonSMnZfZ7v6ln,Flamenco,KnvZfZ7vAeF
KZazBEonSMnZfZ7v6ll,Forro,KnvZfZ7vAeF
KZazBEonSMnZfZ7vFvv,French Pop,KnvZfZ7vAeF
KZazBEonSMnZfZ7vFve,French Rock,KnvZfZ7vAeF
KZazBEonSMnZfZ7vFvd,Fuji,KnvZfZ7vAeF
KZazBEonSMnZfZ7vFv7,Fusion,KnvZfZ7vAeF
KZazBEonSMnZfZ7vFvA,Gabon,KnvZfZ7vAeF
KZazBEonSMnZfZ7vFvk,Georgian Choir,KnvZfZ7vAeF
KZazBEonSMnZfZ7vFv6,Ghana,KnvZfZ7vAeF
KZazBEonSMnZfZ7vFvF,Guaguancó,KnvZfZ7vAeF
KZazBEonSMnZfZ7vFva,Guinea,KnvZfZ7vAeF
KZazBEonSMnZfZ7vFv1,Gypsy,KnvZfZ7vAeF
KZazBEonSMnZfZ7vFvJ,Haiti,KnvZfZ7vAeF
KZazBEonSMnZfZ7vFvE,Hapa-Haole,KnvZfZ7vAeF
KZazBEonSMnZfZ7vFvI,Hawaiian,KnvZfZ7vAeF
KZazBEonSMnZfZ7vFvt,Hawaiian Pop,KnvZfZ7vAeF
KZazBEonSMnZfZ7vFvn,Hawaiian R&B & Hip-Hop,KnvZfZ7vAeF
KZazBEonSMnZfZ7vFvl,Hebrew,KnvZfZ7vAeF
KZazBEonSMnZfZ7vFev,Highlife,KnvZfZ7vAeF
KZazBEonSMnZfZ7vFee,Hula,KnvZfZ7vAeF
KZazBEonSMnZfZ7vFed,India & Pakistan,KnvZfZ7vAeF
KZazBEonSMnZfZ7vFe7,Indian Classical,KnvZfZ7vAeF
KZazBEonSMnZfZ7vFeA,Indian Pop,KnvZfZ7vAeF
KZazBEonSMnZfZ7vFek,Indonesia,KnvZfZ7vAeF
KZazBEonSMnZfZ7vFe6,Iran,KnvZfZ7vAeF
KZazBEonSMnZfZ7vFeF,Iraq,KnvZfZ7vAeF
KZazBEonSMnZfZ7vFea,Islamic,KnvZfZ7vAeF
KZazBEonSMnZfZ7vFe1,Israel,KnvZfZ7vAeF
KZazBEonSMnZfZ7vFeJ,Italian Pop,KnvZfZ7vAeF
KZazBEonSMnZfZ7vFeE,Ivory Coast,KnvZfZ7vAeF
KZazBEonSMnZfZ7vFeI,Jamaica,KnvZfZ7vAeF
KZazBEonSMnZfZ7vFet,Japan,KnvZfZ7vAeF
KZazBEonSMnZfZ7vFen,Japanese Pop,KnvZfZ7vAeF
KZazBEonSMnZfZ7vFel,Japanese Rock,KnvZfZ7vAeF
KZazBEonSMnZfZ7vFdv,Jibaro,KnvZfZ7vAeF
KZazBEonSMnZfZ7vFde,Jit,KnvZfZ7vAeF
KZazBEonSMnZfZ7vFdd,Juju,KnvZfZ7vAeF
KZazBEonSMnZfZ7vFd7,Kenya,KnvZfZ7vAeF
KZazBEonSMnZfZ7vFdA,Klezmer,KnvZfZ7vAeF
KZazBEonSMnZfZ7vFdk,Kora,KnvZfZ7vAeF
KZazBEonSMnZfZ7vFd6,Korea,KnvZfZ7vAeF
KZazBEonSMnZfZ7vFdF,Laika,KnvZfZ7vAeF
KZazBEonSMnZfZ7vFda,Lambada,KnvZfZ7vAeF
KZazBEonSMnZfZ7vFd1,Laos,KnvZfZ7vAeF
KZazBEonSMnZfZ7vFdJ,Latin,KnvZfZ7vAeF
KZazBEonSMnZfZ7vFdE,Latin Children's,KnvZfZ7vAeF
KZazBEonSMnZfZ7vFdI,Latin Christian,KnvZfZ7vAeF
KZazBEonSMnZfZ7vFdt,Latin Contemporary Christian,KnvZfZ7vAeF
KZazBEonSMnZfZ7vFdn,Latin Dance,KnvZfZ7vAeF
KZazBEonSMnZfZ7vFdl,Latin Electronica,KnvZfZ7vAeF
KZazBEonSMnZfZ7vF7v,Latin Folk,KnvZfZ7vAeF
KZazBEonSMnZfZ7vF7e,Latin Freestyle,KnvZfZ7vAeF
KZazBEonSMnZfZ7vF7d,Latin Hip-hop,KnvZfZ7vAeF
KZazBEonSMnZfZ7vF77,Latin Jazz,KnvZfZ7vAeF
KZazBEonSMnZfZ7vF7k,Latin Pop,KnvZfZ7vAeF
KZazBEonSMnZfZ7vF76,Latin Rock,KnvZfZ7vAeF
KZazBEonSMnZfZ7vF7F,Latin Soul,KnvZfZ7vAeF
KZazBEonSMnZfZ7vF7a,Lebanon,KnvZfZ7vAeF
KZazBEonSMnZfZ7vF71,Madagascar,KnvZfZ7vAeF
KZazBEonSMnZfZ7vF7J,Makossa,KnvZfZ7vAeF
KZazBEonSMnZfZ7vF7E,Mali,KnvZfZ7vAeF
KZazBEonSMnZfZ7vF7I,Mambo,KnvZfZ7vAeF
KZazBEonSMnZfZ7vF7t,Mantras,KnvZfZ7vAeF
KZazBEonSMnZfZ7vF7n,Marabi,KnvZfZ7vAeF
KZazBEonSMnZfZ7vF7l,Mariachi,KnvZfZ7vAeF
KZazBEonSMnZfZ7vFAv,Mbalax,KnvZfZ7vAeF
KZazBEonSMnZfZ7vFAe,Mbaqanga,KnvZfZ7vAeF
KZazBEonSMnZfZ7vFAd,Mbira,KnvZfZ7vAeF
KZazBEonSMnZfZ7vFA7,Mbube,KnvZfZ7vAeF
KZazBEonSMnZfZ7vFAA,Mediterranean,KnvZfZ7vAeF
KZazBEonSMnZfZ7vFAk,Merengue,KnvZfZ7vAeF
KZazBEonSMnZfZ7vFA6,Merenhouse,KnvZfZ7vAeF
KZazBEonSMnZfZ7vFAF,Mexican Banda,KnvZfZ7vAeF
KZazBEonSMnZfZ7vFAa,Mexican Cumbia,KnvZfZ7vAeF
KZazBEonSMnZfZ7vFA1,Mexican Duranguense,KnvZfZ7vAeF
KZazBEonSMnZfZ7vFAJ,Mexican Folk,KnvZfZ7vAeF
KZazBEonSMnZfZ7vFAE,Mexican Grupero,KnvZfZ7vAeF
KZazBEonSMnZfZ7vFAI,Mexican Ranchera,KnvZfZ7vAeF
KZazBEonSMnZfZ7vFAt,Mexican Sierreno,KnvZfZ7vAeF
KZazBEonSMnZfZ7vFAn,Middle East,KnvZfZ7vAeF
KZazBEonSMnZfZ7vFAl,Mini Jazz,KnvZfZ7vAeF
KZazBEonSMnZfZ7vFkv,Morocco,KnvZfZ7vAeF
KZazBEonSMnZfZ7vFke,Musette,KnvZfZ7vAeF
KZazBEonSMnZfZ7vFkd,Native American,KnvZfZ7vAeF
KZazBEonSMnZfZ7vFk7,New Age,KnvZfZ7vAeF
KZazBEonSMnZfZ7vFkA,New York Salsa,KnvZfZ7vAeF
KZazBEonSMnZfZ7vFkk,Nicaragua,KnvZfZ7vAeF
KZazBEonSMnZfZ7vFk6,Nigeria,KnvZfZ7vAeF
KZazBEonSMnZfZ7vFkF,North America,KnvZfZ7vAeF
KZazBEonSMnZfZ7vFka,Nueva Trova,KnvZfZ7vAeF
KZazBEonSMnZfZ7vFk1,Omutibo,KnvZfZ7vAeF
KZazBEonSMnZfZ7vFkJ,Onda Grupera,KnvZfZ7vAeF
KZazBEonSMnZfZ7vFkE,Pachanga,KnvZfZ7vAeF
KZazBEonSMnZfZ7vFkI,Pakistan,KnvZfZ7vAeF
KZazBEonSMnZfZ7vFkt,Panama,KnvZfZ7vAeF
KZazBEonSMnZfZ7vFkn,Peru,KnvZfZ7vAeF
KZazBEonSMnZfZ7vFkl,Pipe Bands,KnvZfZ7vAeF
KZazBEonSMnZfZ7vF6v,Plena,KnvZfZ7vAeF
KZazBEonSMnZfZ7vF6e,Polynesian Music,KnvZfZ7vAeF
KZazBEonSMnZfZ7vF6d,Puerto Rico,KnvZfZ7vAeF
KZazBEonSMnZfZ7vF67,Pygmy,KnvZfZ7vAeF
KZazBEonSMnZfZ7vF6A,Qawwali,KnvZfZ7vAeF
KZazBEonSMnZfZ7vF6k,Raga,KnvZfZ7vAeF
KZazBEonSMnZfZ7vF66,Rai,KnvZfZ7vAeF
KZazBEonSMnZfZ7vF6F,Rock en Español,KnvZfZ7vAeF
KZazBEonSMnZfZ7vF6a,Russia,KnvZfZ7vAeF
KZazBEonSMnZfZ7vF61,Salsa,KnvZfZ7vAeF
KZazBEonSMnZfZ7vF6J,Samba,KnvZfZ7vAeF
KZazBEonSMnZfZ7vF6E,Scandinavia,KnvZfZ7vAeF
KZazBEonSMnZfZ7vF6I,Scandinavian Joik,KnvZfZ7vAeF
KZazBEonSMnZfZ7vF6t,Senegal & Gambia,KnvZfZ7vAeF
KZazBEonSMnZfZ7vF6n,Slack Key Guitar,KnvZfZ7vAeF
KZazBEonSMnZfZ7vF6l,Soca,KnvZfZ7vAeF
KZazBEonSMnZfZ7vFFv,Son,KnvZfZ7vAeF
KZazBEonSMnZfZ7vFFe,Sonero,KnvZfZ7vAeF
KZazBEonSMnZfZ7vFFd,Soukous,KnvZfZ7vAeF
KZazBEonSMnZfZ7vFF7,South Africa,KnvZfZ7vAeF
KZazBEonSMnZfZ7vFFA,South Pacific,KnvZfZ7vAeF
KZazBEonSMnZfZ7vFFk,Sudan,KnvZfZ7vAeF
KZazBEonSMnZfZ7vFF6,Swedish Folk,KnvZfZ7vAeF
KZazBEonSMnZfZ7vFFF,Swedish Pop/Rock,KnvZfZ7vAeF
KZazBEonSMnZfZ7vFFa,Syria,KnvZfZ7vAeF
KZazBEonSMnZfZ7vFF1,Taarab,KnvZfZ7vAeF
KZazBEonSMnZfZ7vFFJ,Tahiti,KnvZfZ7vAeF
KZazBEonSMnZfZ7vFFE,Taiwan,KnvZfZ7vAeF
KZazBEonSMnZfZ7vFFI,Tango,KnvZfZ7vAeF
KZazBEonSMnZfZ7vFFt,Tanzania,KnvZfZ7vAeF
KZazBEonSMnZfZ7vFFn,Thailand,KnvZfZ7vAeF
KZazBEonSMnZfZ7vFFl,Throat Singing,KnvZfZ7vAeF
KZazBEonSMnZfZ7vFav,Tibet,KnvZfZ7vAeF
KZazBEonSMnZfZ7vFae,Township Jazz,KnvZfZ7vAeF
KZazBEonSMnZfZ7vFad,Traditional Celtic,KnvZfZ7vAeF
KZazBEonSMnZfZ7vFa7,Traditional Middle Eastern Folk,KnvZfZ7vAeF
KZazBEonSMnZfZ7vFaA,Trinidad,KnvZfZ7vAeF
KZazBEonSMnZfZ7vFak,Trova,KnvZfZ7vAeF
KZazBEonSMnZfZ7vFa6,Turkey,KnvZfZ7vAeF
KZazBEonSMnZfZ7vFaF,Uganda,KnvZfZ7vAeF
KZazBEonSMnZfZ7vFaa,Ukelele,KnvZfZ7vAeF
KZazBEonSMnZfZ7vFa1,Uruguay,KnvZfZ7vAeF
KZazBEonSMnZfZ7vFaJ,Vallenato,KnvZfZ7vAeF
KZazBEonSMnZfZ7vFaE,Venezuela,KnvZfZ7vAeF
KZazBEonSMnZfZ7vFaI,Vietnam,KnvZfZ7vAeF
KZazBEonSMnZfZ7vFat,Western Europe,KnvZfZ7vAeF
KZazBEonSMnZfZ7v6Jt,World,KnvZfZ7vAeF
KZazBEonSMnZfZ7vFan,Worldbeat,KnvZfZ7vAeF
KZazBEonSMnZfZ7vFal,Zaire & Congo,KnvZfZ7vAeF
KZazBEonSMnZfZ7vF1v,Zimbabwe,KnvZfZ7vAeF
KZazBEonSMnZfZ7vF1e,Zouk,KnvZfZ7vAeF
KZazBEonSMnZfZ7vaEd,Polka,KnvZfZ7vAeF
